candidate_id,family_macro_base_average_precision_gain,family_macro_base_f1_gain,family_macro_spatial_average_precision_gain,family_macro_spatial_f1_gain,feature_width,fmt_feature,group,robust_mean_family_macro_gain,robust_min_family_macro_gain
c04_all_kin4,0.4215005484784151,0.21796505067684946,0.42304414570465176,0.2399851276545395,189,fmt_all+kin4,boeing747,0.32562371812861396,0.21796505067684946
c17_all_aivd2w8,0.41934756670513584,0.2124082179016923,0.41469727979990334,0.23951630560848758,171,fmt_all+aivd2w8,boeing747,0.32149234250380476,0.2124082179016923
c03_all_kin2,0.41744926594406284,0.20943904876944963,0.41708531849164876,0.2327323231213999,173,fmt_all+kin2,boeing747,0.3191764890816403,0.20943904876944963
c07_aivd2w8,0.4858742276631356,0.24843906403730165,0.43230943718064063,0.2036590548020396,10,aivd2w8,boeing747,0.34257044592077934,0.2036590548020396
c12_aivd2w8log,0.4858449562731644,0.24807462722306417,0.43231445352284703,0.2036590548020396,10,aivd2w8log,boeing747,0.3424732729552788,0.2036590548020396
c00_kin2,0.48795065552461486,0.2523384901217762,0.4367563456199933,0.2021927036092015,12,kin2,boeing747,0.34480954871889646,0.2021927036092015
c06_aivd2w4,0.4863837780687026,0.24836140532867446,0.4308588121129615,0.20187255928537107,10,aivd2w4,boeing747,0.34186913869892743,0.20187255928537107
c08_aivd4w8,0.4881454934866374,0.24552586914662922,0.4323965089682028,0.20022437147132222,14,aivd4w8,boeing747,0.34157306076819793,0.20022437147132222
c13_aivdq2w8,0.4909405226891305,0.26260059825076343,0.42338608874877937,0.197584600435754,20,aivdq2w8,boeing747,0.3436279525311068,0.197584600435754
c09_aivd4w16,0.48969157135300057,0.25210652377802933,0.432972585872586,0.1933930453123518,14,aivd4w16,boeing747,0.34204093157899196,0.1933930453123518
c11_aivd6w32,0.4900551351799002,0.25812825377262094,0.426927273661617,0.19022850743644082,18,aivd6w32,boeing747,0.34133479251264476,0.19022850743644082
c05_aivd1w3,0.46901478697107024,0.2261071223071207,0.41854038456286125,0.18773487272111966,8,aivd1w3,boeing747,0.32534929164054294,0.18773487272111966
c16_akin4w16,0.4509938053861675,0.21831689799787735,0.40467208915651953,0.18633524079982444,56,akin4w16,boeing747,0.31507950833509724,0.18633524079982444
c10_aivd6w16,0.48744771122129826,0.24957702141640614,0.4246293482704646,0.183901753200039,18,aivd6w16,boeing747,0.336388958527052,0.183901753200039
c14_aivdq4w16,0.45312971799883217,0.22763100098769518,0.40199181491312685,0.18220915307088614,28,aivdq4w16,boeing747,0.3162404217426351,0.18220915307088614
c01_kin4,0.45426340955829747,0.23030294055217415,0.4045356662943034,0.1761870887032525,28,kin4,boeing747,0.3163222762770069,0.1761870887032525
c02_kin6,0.44657341016049545,0.2244231339358611,0.40018985481898006,0.17320941665710232,44,kin6,boeing747,0.3110989538931097,0.17320941665710232
c15_akin2w8,0.44856083024776505,0.22330417587652318,0.39325159933860787,0.17210904491362067,40,akin2w8,boeing747,0.30930641259412917,0.17210904491362067
c06_aivd2w4,0.8277310645611013,0.6932148094938793,0.8753014705606083,0.7762741599111058,10,aivd2w4,channel,0.7931303761316736,0.6932148094938793
c05_aivd1w3,0.8160061425799529,0.6927236541915441,0.8717345670195423,0.7783062736784445,8,aivd1w3,channel,0.789692659367371,0.6927236541915441
c12_aivd2w8log,0.8169348642283658,0.6834215658957927,0.8719459221030842,0.7782689490333986,10,aivd2w8log,channel,0.7876428253151604,0.6834215658957927
c07_aivd2w8,0.8171256341785988,0.6825785620842264,0.8720123179964271,0.7782689490333986,10,aivd2w8,channel,0.7874963658231627,0.6825785620842264
c08_aivd4w8,0.8052497359733406,0.6702223577376181,0.8508930763173685,0.7471230640916408,14,aivd4w8,channel,0.768372058529992,0.6702223577376181
c09_aivd4w16,0.8023395379972253,0.6646764328082579,0.848406685814321,0.752205656213623,14,aivd4w16,channel,0.7669070782083568,0.6646764328082579
c14_aivdq4w16,0.7754496969187875,0.6202793905618789,0.8249977716834609,0.6831068142543553,28,aivdq4w16,channel,0.7259584183546206,0.6202793905618789
c10_aivd6w16,0.783752784238504,0.6139424014853716,0.8278946555028519,0.7337470743467269,18,aivd6w16,channel,0.7398342288933635,0.6139424014853716
c11_aivd6w32,0.7736240908013569,0.61340309745722,0.8278795849932725,0.7448204598982111,18,aivd6w32,channel,0.7399318082875153,0.61340309745722
c13_aivdq2w8,0.7682264091463697,0.5928853189006537,0.8257014937306661,0.7416303644486988,20,aivdq2w8,channel,0.7321108965565971,0.5928853189006537
c00_kin2,0.720657819009904,0.5762569428776406,0.7407116764401376,0.6438652434098108,12,kin2,channel,0.6703729204343734,0.5762569428776406
c01_kin4,0.7200758170770184,0.5721941918301205,0.7721339582714252,0.6347939392699018,28,kin4,channel,0.6747994766121165,0.5721941918301205
c15_akin2w8,0.6613214502422228,0.5251395495916629,0.7160898498426392,0.5539367573263226,40,akin2w8,channel,0.6141219017507119,0.5251395495916629
c16_akin4w16,0.6680792433675219,0.5222473318394165,0.7242067770746643,0.5401188634056435,56,akin4w16,channel,0.6136630539218115,0.5222473318394165
c17_all_aivd2w8,0.6224314556428242,0.4964401026575047,0.7127170364840705,0.5410399451008963,171,fmt_all+aivd2w8,channel,0.5931571349713239,0.4964401026575047
c02_kin6,0.635572928528702,0.48737985465343436,0.6913241675394685,0.5304909394679347,44,kin6,channel,0.5861919725473849,0.48737985465343436
c03_all_kin2,0.5827615923279911,0.46150871216884043,0.6784504984829568,0.4898520811833505,173,fmt_all+kin2,channel,0.5531432210407847,0.46150871216884043
c04_all_kin4,0.584843161703525,0.4582439152803291,0.6908238598843839,0.5050103716113123,189,fmt_all+kin4,channel,0.5597303271198876,0.4582439152803291
c11_aivd6w32,0.4490015956211466,0.4031128529283403,0.7483130710058686,0.6696342039661141,18,aivd6w32,deltaWing,0.5675154308803674,0.4031128529283403
c10_aivd6w16,0.44860872124892376,0.4011838112046707,0.7455340069915852,0.6554478382726022,18,aivd6w16,deltaWing,0.5626935944294454,0.4011838112046707
c13_aivdq2w8,0.44651914728832237,0.3929701081691692,0.7410272980327799,0.6758793335477478,20,aivdq2w8,deltaWing,0.5640989717595049,0.3929701081691692
c01_kin4,0.4254168189745705,0.3874914202930227,0.7197372344129394,0.663847417867357,28,kin4,deltaWing,0.5491232228869725,0.3874914202930227
c14_aivdq4w16,0.4249495778622319,0.3862696416650905,0.7178061110743152,0.667635474265774,28,aivdq4w16,deltaWing,0.5491652012168529,0.3862696416650905
c09_aivd4w16,0.4486849552801253,0.3668327593475264,0.7132712946059111,0.6210659919295802,14,aivd4w16,deltaWing,0.5374637502907857,0.3668327593475264
c08_aivd4w8,0.4381538145210145,0.3533818555935905,0.7082073137473679,0.5973873604760189,14,aivd4w8,deltaWing,0.524282586084498,0.3533818555935905
c15_akin2w8,0.361179893085257,0.3191254004164197,0.6675789706231048,0.6400227092079351,40,akin2w8,deltaWing,0.49697674333317915,0.3191254004164197
c02_kin6,0.3524040451040127,0.31281870911329396,0.6688968480913554,0.6356368225650383,44,kin6,deltaWing,0.4924391062184251,0.31281870911329396
c00_kin2,0.3991061287349723,0.2979926082012137,0.6843078122215331,0.6608246777178111,12,kin2,deltaWing,0.5105578067188825,0.2979926082012137
c16_akin4w16,0.32494531413032185,0.29007678385808583,0.6322382047926864,0.6407544387360475,56,akin4w16,deltaWing,0.4720036853792854,0.29007678385808583
c07_aivd2w8,0.35698642990019613,0.2651492126245532,0.44895027239813506,0.39524834569222184,10,aivd2w8,deltaWing,0.36658356515377655,0.2651492126245532
c12_aivd2w8log,0.35689082312460474,0.26505242594240064,0.44887854054239656,0.39489925073138654,10,aivd2w8log,deltaWing,0.36643026008519713,0.26505242594240064
c06_aivd2w4,0.356390333042095,0.2548049176865192,0.4484139693938987,0.3924452911917535,10,aivd2w4,deltaWing,0.3630136278285666,0.2548049176865192
c03_all_kin2,0.2693552316427912,0.21565346947231429,0.4948318429236056,0.5880520610123752,173,fmt_all+kin2,deltaWing,0.39197315126277155,0.21565346947231429
c04_all_kin4,0.2615296209949406,0.2148354995064189,0.48648765468937194,0.5815112851742054,189,fmt_all+kin4,deltaWing,0.3860910150912342,0.2148354995064189
c17_all_aivd2w8,0.2671325879869194,0.21280339022570705,0.48835311692113637,0.6001782240951054,171,fmt_all+aivd2w8,deltaWing,0.39211682980721707,0.21280339022570705
c05_aivd1w3,0.3055487977450264,0.20319885086223,0.2986190667050611,0.17190876747683648,8,aivd1w3,deltaWing,0.2448188706972885,0.17190876747683648
c05_aivd1w3,0.45913166746142275,0.2488907626669945,0.4652184491517668,0.2379484028847101,8,aivd1w3,f22raptor,0.35279732054122354,0.2379484028847101
c17_all_aivd2w8,0.30658196843652397,0.23825136612021858,0.3148175138777154,0.23137798709369073,171,fmt_all+aivd2w8,f22raptor,0.27275720888203714,0.23137798709369073
c12_aivd2w8log,0.4390814980218235,0.25956818140761617,0.42496799789277917,0.22802711328348424,10,aivd2w8log,f22raptor,0.33791119765142574,0.22802711328348424
c09_aivd4w16,0.437932121104494,0.26208558084462574,0.44688507802354216,0.2237664141825746,14,aivd4w16,f22raptor,0.3426672985388091,0.2237664141825746
c08_aivd4w8,0.43772017372993044,0.25664266092025556,0.44678951240723785,0.22227637750581286,14,aivd4w8,f22raptor,0.3408571811408092,0.22227637750581286
c07_aivd2w8,0.43832461350524254,0.26002064279757753,0.4253005860629492,0.220249850241782,10,aivd2w8,f22raptor,0.3359739231518878,0.220249850241782
c16_akin4w16,0.2946171915634259,0.2208528474989908,0.3049958981021087,0.217981950020822,56,akin4w16,f22raptor,0.2596119717963369,0.217981950020822
c06_aivd2w4,0.43946035068790734,0.26352343737685935,0.42512956302340654,0.21662683292481477,10,aivd2w4,f22raptor,0.336185046003247,0.21662683292481477
c15_akin2w8,0.26852698374593775,0.2172381944264684,0.28982086808677776,0.21256781219762366,40,akin2w8,f22raptor,0.2470384646142019,0.21256781219762366
c14_aivdq4w16,0.2787400344667982,0.22544763702779713,0.3085833672571415,0.21184005628890168,28,aivdq4w16,f22raptor,0.25615277376015966,0.21184005628890168
c11_aivd6w32,0.41486647259848497,0.23738100834410625,0.40689555170910874,0.21175005390375845,18,aivd6w32,f22raptor,0.3177232716388646,0.21175005390375845
c10_aivd6w16,0.4139728649190174,0.24239836637568013,0.40779692743118545,0.2000572852707717,18,aivd6w16,f22raptor,0.3160563609991637,0.2000572852707717
c13_aivdq2w8,0.3950598356405689,0.236795657857247,0.38981203607851267,0.1945706940335924,20,aivdq2w8,f22raptor,0.30405955590248024,0.1945706940335924
c02_kin6,0.13617848832792456,0.10377623688155924,0.17693448539992485,0.11903065330460039,44,kin6,f22raptor,0.13397996597850226,0.10377623688155924
c01_kin4,0.11659326538657999,0.09674233245990527,0.18792375539334694,0.10662780318044285,28,kin4,f22raptor,0.12697178910506876,0.09674233245990527
c00_kin2,0.19171024303122863,0.0631256146373167,0.26670121171918637,0.07045537630290022,12,kin2,f22raptor,0.14799811142265798,0.0631256146373167
c04_all_kin4,0.06744338009108719,0.051699741970936186,0.15152930314153523,0.10082107787043693,189,fmt_all+kin4,f22raptor,0.09287337576849888,0.051699741970936186
c03_all_kin2,0.02891517567206392,0.02072644609190344,0.11120746390290004,0.06787180221735345,173,fmt_all+kin2,f22raptor,0.05718022197105521,0.02072644609190344
c09_aivd4w16,0.5975379075676273,0.5053185609195302,0.509193591916621,0.46959212654923754,14,aivd4w16,halfcylinder,0.520410546738254,0.46959212654923754
c07_aivd2w8,0.6001974108315528,0.5153433336466096,0.5034464317538356,0.4653447618710979,10,aivd2w8,halfcylinder,0.5210829845257741,0.4653447618710979
c06_aivd2w4,0.6050807131775889,0.5248176976220885,0.507033449744191,0.46533924639650465,10,aivd2w4,halfcylinder,0.5255677767350933,0.46533924639650465
c12_aivd2w8log,0.5980944146996601,0.5118886401229877,0.5028996373985727,0.4639069378905069,10,aivd2w8log,halfcylinder,0.5191974075279319,0.4639069378905069
c08_aivd4w8,0.5989079818393754,0.5084482800199027,0.5063368724057592,0.4570593220183685,14,aivd4w8,halfcylinder,0.5176881140708515,0.4570593220183685
c05_aivd1w3,0.6271786745156839,0.5488920240208687,0.4737641691578851,0.39270396853954254,8,aivd1w3,halfcylinder,0.5106347090584951,0.39270396853954254
c00_kin2,0.5119233483944038,0.44016152895218186,0.4220779957251783,0.37791259140298655,12,kin2,halfcylinder,0.4380188661186876,0.37791259140298655
c10_aivd6w16,0.5176281072299002,0.4262092129927133,0.4614645491292794,0.3648313338209695,18,aivd6w16,halfcylinder,0.4425333007932156,0.3648313338209695
c11_aivd6w32,0.4719998065946305,0.38896232803707703,0.45048180349361683,0.35930569868960366,18,aivd6w32,halfcylinder,0.41768740920373204,0.35930569868960366
c13_aivdq2w8,0.45940789834716717,0.394581113149347,0.3804948400431367,0.2907243465040749,20,aivdq2w8,halfcylinder,0.38130204951093144,0.2907243465040749
c16_akin4w16,0.298633400057723,0.28451676288926014,0.37370721680983204,0.3026360891148186,56,akin4w16,halfcylinder,0.31487336721790843,0.28451676288926014
c14_aivdq4w16,0.38524959293721667,0.33902227929431855,0.3017450077250812,0.2628888708478045,28,aivdq4w16,halfcylinder,0.3222264377011052,0.2628888708478045
c15_akin2w8,0.3354595614277527,0.3003133227389834,0.2788413164727306,0.23065274672325073,40,akin2w8,halfcylinder,0.2863167368406794,0.23065274672325073
c01_kin4,0.34526904546324255,0.3022580941227176,0.26385523065695915,0.21709316942812654,28,kin4,halfcylinder,0.28211888491776144,0.21709316942812654
c17_all_aivd2w8,0.2526112691412861,0.20496142077438187,0.3940046932952133,0.3023094045723656,171,fmt_all+aivd2w8,halfcylinder,0.2884716969458117,0.20496142077438187
c02_kin6,0.28207899677322856,0.2739711145585401,0.2518082875780535,0.2043498217517481,44,kin6,halfcylinder,0.25305205516539253,0.2043498217517481
c04_all_kin4,0.20762462386916916,0.16757016983124404,0.3520922900962971,0.2559776896856569,189,fmt_all+kin4,halfcylinder,0.2458161933705918,0.16757016983124404
c03_all_kin2,0.15883951728906842,0.13453825657154625,0.3204945571543625,0.24030451409523845,173,fmt_all+kin2,halfcylinder,0.2135442112775539,0.13453825657154625
c13_aivdq2w8,0.30834598404766134,0.26825721831508353,0.37272168471383993,0.3021741422050638,20,aivdq2w8,smokeBuoyancy,0.31287475732041214,0.26825721831508353
c09_aivd4w16,0.30887528282184873,0.2686607880958941,0.36565857053802686,0.25479928037795585,14,aivd4w16,smokeBuoyancy,0.2994984804584314,0.25479928037795585
c10_aivd6w16,0.3082962687081635,0.27071299415776784,0.36499493658421744,0.2505333406268804,18,aivd6w16,smokeBuoyancy,0.2986343850192573,0.2505333406268804
c11_aivd6w32,0.31615370437927703,0.27586314363911446,0.3714519589885751,0.24652408743699228,18,aivd6w32,smokeBuoyancy,0.3024982236109897,0.24652408743699228
c08_aivd4w8,0.31007643431447873,0.2632683998016575,0.3694767212943042,0.24256344292470078,14,aivd4w8,smokeBuoyancy,0.2963462495837853,0.24256344292470078
c16_akin4w16,0.23736416351489864,0.22924988821332426,0.4906500325321018,0.33354619305378863,56,akin4w16,smokeBuoyancy,0.32270256932852837,0.22924988821332426
c15_akin2w8,0.2518775262977354,0.22819936693290477,0.5056228085574042,0.3388934646197073,40,akin2w8,smokeBuoyancy,0.3311482916019379,0.22819936693290477
c02_kin6,0.22550042197938114,0.20179112457672432,0.4974746115465271,0.34722021240321677,44,kin6,smokeBuoyancy,0.31799659262646235,0.20179112457672432
c17_all_aivd2w8,0.22812748730745758,0.19507242267216107,0.45223556211291494,0.2882616177311702,171,fmt_all+aivd2w8,smokeBuoyancy,0.29092427245592595,0.19507242267216107
c12_aivd2w8log,0.2984751653758939,0.2661466875546179,0.28376242835741516,0.1900442496418815,10,aivd2w8log,smokeBuoyancy,0.2596071327324521,0.1900442496418815
c07_aivd2w8,0.300171154352347,0.26754675218687296,0.284728916720408,0.1898493254673853,10,aivd2w8,smokeBuoyancy,0.2605740371817533,0.1898493254673853
c06_aivd2w4,0.3052205829135215,0.27627663434235383,0.2889861894332514,0.18653811469933423,10,aivd2w4,smokeBuoyancy,0.26425538034711527,0.18653811469933423
c05_aivd1w3,0.3211936017051077,0.28306714998384963,0.29223486370839713,0.18540357144220165,8,aivd1w3,smokeBuoyancy,0.27047479670988905,0.18540357144220165
c04_all_kin4,0.21905770006678527,0.18540068623305161,0.4668521971714497,0.3004623266275147,189,fmt_all+kin4,smokeBuoyancy,0.2929432275247003,0.18540068623305161
c03_all_kin2,0.2138797526715136,0.18270410571024065,0.4492988913819385,0.27424624555772104,173,fmt_all+kin2,smokeBuoyancy,0.28003224883035344,0.18270410571024065
c01_kin4,0.234922718058575,0.1870423673180832,0.27979903442069853,0.1824178747354327,28,kin4,smokeBuoyancy,0.22104549863319736,0.1824178747354327
c14_aivdq4w16,0.23461216630187653,0.19796399587811853,0.2825070567743172,0.17723986634897482,28,aivdq4w16,smokeBuoyancy,0.22308077132582177,0.17723986634897482
c00_kin2,0.31378266767151364,0.2464823527840715,0.29098927509636474,0.17635315697235732,12,kin2,smokeBuoyancy,0.25690186313107677,0.17635315697235732
c10_aivd6w16,0.2573705515542475,0.18620653651126717,0.24249910073095127,0.34346398098874176,18,aivd6w16,tangaroa,0.2573850424463019,0.18620653651126717
c11_aivd6w32,0.2529475975934654,0.18402784771035163,0.24381969282917626,0.3461951757853099,18,aivd6w32,tangaroa,0.2567475784795758,0.18402784771035163
c14_aivdq4w16,0.24542313227439794,0.17406754490534015,0.21503184591886138,0.17741765312186353,28,aivdq4w16,tangaroa,0.20298504405511575,0.17406754490534015
c13_aivdq2w8,0.2505759163036666,0.17244651044319925,0.2426360558453352,0.3555105139331262,20,aivdq2w8,tangaroa,0.25529224913133186,0.17244651044319925
c07_aivd2w8,0.35656716218439166,0.23287041532361274,0.2861974651729071,0.1693049531395885,10,aivd2w8,tangaroa,0.26123499895512503,0.1693049531395885
c09_aivd4w16,0.3171980654022154,0.21220691472051334,0.27874910096498784,0.16761821197027083,14,aivd4w16,tangaroa,0.24394307326449685,0.16761821197027083
c12_aivd2w8log,0.3548682359005808,0.23120104053496715,0.2853805365973483,0.16712463268369337,10,aivd2w8log,tangaroa,0.2596436114291474,0.16712463268369337
c08_aivd4w8,0.3121392876826705,0.19871943880529175,0.2738895657916113,0.16551516254860943,14,aivd4w8,tangaroa,0.23756586370704574,0.16551516254860943
c06_aivd2w4,0.35258991260234196,0.23403418552082178,0.28425654897743413,0.16186575037278472,10,aivd2w4,tangaroa,0.25818659936834565,0.16186575037278472
c01_kin4,0.22818044769137757,0.14776585429497424,0.2070962541817445,0.1615366395289637,28,kin4,tangaroa,0.186144798924265,0.14776585429497424
c16_akin4w16,0.24659816850025484,0.16764015018999456,0.21065804078641137,0.1440552133371774,56,akin4w16,tangaroa,0.19223789320345955,0.1440552133371774
c05_aivd1w3,0.35248375957236333,0.23120536457872798,0.25991835806894537,0.14271006922189455,8,aivd1w3,tangaroa,0.2465793878604828,0.14271006922189455
c00_kin2,0.27495273306248624,0.16337204852434917,0.24385833580438132,0.13846282600326631,12,kin2,tangaroa,0.20516148584862076,0.13846282600326631
c02_kin6,0.22875810962021337,0.14753403762499295,0.20385002703421995,0.1154584960322459,44,kin6,tangaroa,0.17390016757791804,0.1154584960322459
c15_akin2w8,0.23673847025066752,0.15514990101369508,0.20098854012119516,0.10864458538877142,40,akin2w8,tangaroa,0.1753803741935823,0.10864458538877142
c03_all_kin2,0.17660149460284935,0.09835402762233458,0.17601546892567477,0.08323110227033825,173,fmt_all+kin2,tangaroa,0.13355052335529924,0.08323110227033825
c04_all_kin4,0.1961588638181555,0.11565530632323617,0.19013232127027668,0.08295174137123218,189,fmt_all+kin4,tangaroa,0.14622455819572514,0.08295174137123218
c17_all_aivd2w8,0.22443306286218423,0.13747899364329375,0.2002042143501489,0.08273762328802459,171,fmt_all+aivd2w8,tangaroa,0.16121347353591287,0.08273762328802459
