candidate_id,dataset,feature_width,fmt_base_average_precision,fmt_base_f1,fmt_feature,fmt_spatial_average_precision,fmt_spatial_f1,gain_base_average_precision,gain_base_f1,gain_spatial_average_precision,gain_spatial_f1,group,raw_pca_base_average_precision,raw_pca_base_f1,raw_pca_spatial_average_precision,raw_pca_spatial_f1,robust_mean_gain,robust_min_gain
c00_kin2,channel,12,0.8001405600398341,0.7274678111587983,kin2,0.7890782960891984,0.706199460916442,0.720657819009904,0.5762569428776406,0.7407116764401376,0.6438652434098108,channel,0.07948274102993011,0.1512108682811577,0.0483666196490609,0.0623342175066313,0.6703729204343734,0.5762569428776406
c01_kin4,channel,28,0.8409072940352222,0.7736040609137056,kin4,0.8633609320250627,0.7890137328339576,0.7200758170770184,0.5721941918301205,0.7721339582714252,0.6347939392699018,channel,0.1208314769582038,0.2014098690835851,0.09122697375363754,0.15421979356405585,0.6747994766121165,0.5721941918301205
c02_kin6,channel,44,0.8643666008651019,0.7910447761194029,kin6,0.8880951835441329,0.8127490039840638,0.635572928528702,0.48737985465343436,0.6913241675394685,0.5304909394679347,channel,0.22879367233639986,0.3036649214659686,0.19677101600466437,0.28225806451612906,0.5861919725473849,0.48737985465343436
c03_all_kin2,channel,173,0.7931118168150413,0.7406639004149378,fmt_all+kin2,0.8559651615086388,0.7602339181286549,0.5827615923279911,0.46150871216884043,0.6784504984829568,0.4898520811833505,channel,0.21035022448705024,0.27915518824609736,0.17751466302568197,0.27038183694530443,0.5531432210407847,0.46150871216884043
c04_all_kin4,channel,189,0.7925767517285477,0.7421383647798742,fmt_all+kin4,0.864726146330416,0.7781908302354399,0.584843161703525,0.4582439152803291,0.6908238598843839,0.5050103716113123,channel,0.20773359002502273,0.28389444949954507,0.1739022864460321,0.2731804586241276,0.5597303271198876,0.4582439152803291
c05_aivd1w3,channel,8,0.8853009691690711,0.8211640211640212,aivd1w3,0.9126999098221769,0.8397932816537468,0.8160061425799529,0.6927236541915441,0.8717345670195423,0.7783062736784445,channel,0.06929482658911824,0.12844036697247707,0.040965342802634516,0.06148700797530229,0.789692659367371,0.6927236541915441
c06_aivd2w4,channel,10,0.8950966964681151,0.8283499446290143,aivd2w4,0.9169345687466853,0.8369565217391305,0.8277310645611013,0.6932148094938793,0.8753014705606083,0.7762741599111058,channel,0.06736563190701368,0.13513513513513514,0.04163309818607709,0.060682361828024674,0.7931303761316736,0.6932148094938793
c07_aivd2w8,channel,10,0.8844912660856126,0.8177136972193615,aivd2w8,0.9136454161825042,0.8389513108614233,0.8171256341785988,0.6825785620842264,0.8720123179964271,0.7782689490333986,channel,0.06736563190701368,0.13513513513513514,0.04163309818607709,0.060682361828024674,0.7874963658231627,0.6825785620842264
c08_aivd4w8,channel,14,0.892320832570906,0.8268625393494229,aivd4w8,0.9140285427176582,0.8310038119440915,0.8052497359733406,0.6702223577376181,0.8508930763173685,0.7471230640916408,channel,0.08707109659756546,0.15664018161180476,0.06313546640028966,0.08388074785245073,0.768372058529992,0.6702223577376181
c09_aivd4w16,channel,14,0.8894106345947907,0.8213166144200627,aivd4w16,0.9115421522146107,0.8360864040660737,0.8023395379972253,0.6646764328082579,0.848406685814321,0.752205656213623,channel,0.08707109659756546,0.15664018161180476,0.06313546640028966,0.08388074785245073,0.7669070782083568,0.6646764328082579
c10_aivd6w16,channel,18,0.8913614653932335,0.8206229860365198,aivd6w16,0.9105305977630025,0.8264900662251655,0.783752784238504,0.6139424014853716,0.8278946555028519,0.7337470743467269,channel,0.10760868115472945,0.20668058455114824,0.08263594226015059,0.09274299187843857,0.7398342288933635,0.6139424014853716
c11_aivd6w32,channel,18,0.8812327719560863,0.8200836820083682,aivd6w32,0.9105155272534231,0.8375634517766497,0.7736240908013569,0.61340309745722,0.8278795849932725,0.7448204598982111,channel,0.10760868115472945,0.20668058455114824,0.08263594226015059,0.09274299187843857,0.7399318082875153,0.61340309745722
c12_aivd2w8log,channel,10,0.8843004961353795,0.8185567010309278,aivd2w8log,0.9135790202891613,0.8389513108614233,0.8169348642283658,0.6834215658957927,0.8719459221030842,0.7782689490333986,channel,0.06736563190701368,0.13513513513513514,0.04163309818607709,0.060682361828024674,0.7876428253151604,0.6834215658957927
c13_aivdq2w8,channel,20,0.8923892622801869,0.8184818481848185,aivdq2w8,0.9139553721105536,0.8425302826379543,0.7682264091463697,0.5928853189006537,0.8257014937306661,0.7416303644486988,channel,0.12416285313381711,0.22559652928416485,0.08825387837988745,0.10089991818925552,0.7321108965565971,0.5928853189006537
c14_aivdq4w16,channel,28,0.8962811738769914,0.821689259645464,aivdq4w16,0.9162247454370984,0.8373266078184111,0.7754496969187875,0.6202793905618789,0.8249977716834609,0.6831068142543553,channel,0.1208314769582038,0.2014098690835851,0.09122697375363754,0.15421979356405585,0.7259584183546206,0.6202793905618789
c15_akin2w8,channel,40,0.8865471136798919,0.8117249154453213,akin2w8,0.9067292314075638,0.8217270194986073,0.6613214502422228,0.5251395495916629,0.7160898498426392,0.5539367573263226,channel,0.22522566343766912,0.2865853658536585,0.19063938156492452,0.26779026217228463,0.6141219017507119,0.5251395495916629
c16_akin4w16,channel,56,0.8907134952906943,0.8119469026548672,akin4w16,0.909480652741446,0.8132780082987552,0.6680792433675219,0.5222473318394165,0.7242067770746643,0.5401188634056435,channel,0.22263425192317246,0.28969957081545067,0.1852738756667816,0.27315914489311166,0.6136630539218115,0.5222473318394165
c17_all_aivd2w8,channel,171,0.8335594798201047,0.776595744680851,fmt_all+aivd2w8,0.8892693396400183,0.8187579214195184,0.6224314556428242,0.4964401026575047,0.7127170364840705,0.5410399451008963,channel,0.21112802417728052,0.2801556420233463,0.1765523031559479,0.27771797631862216,0.5931571349713239,0.4964401026575047
c00_kin2,cylinder3d,12,0.9613844092307112,0.9302623160588611,kin2,0.8362370310231252,0.689064558629776,0.7586393375437464,0.6900558886603155,0.44792639596261463,0.4663891915824677,halfcylinder,0.20274507168696482,0.2402064273985456,0.38831063506051056,0.2226753670473083,0.590752703437286,0.44792639596261463
c01_kin4,cylinder3d,28,0.9730898221976141,0.9330783938814532,kin4,0.8452538567115759,0.6992824527071102,0.591958789762772,0.53834155177619,0.2768898179444198,0.16630947973413723,halfcylinder,0.38113103243484203,0.39473684210526316,0.5683640387671561,0.532972972972973,0.39337490980437984,0.16630947973413723
c02_kin6,cylinder3d,44,0.9792525526506266,0.9357914812460267,kin6,0.8449209311054666,0.7030539311241065,0.4324203902007868,0.4398190991976953,0.24074522761261286,0.16078339972314037,halfcylinder,0.5468321624498398,0.49597238204833144,0.6041757034928538,0.5422705314009661,0.3184420291835588,0.16078339972314037
c03_all_kin2,cylinder3d,173,0.8379423315282781,0.7917737789203085,fmt_all+kin2,0.8450974176261159,0.6958667489204194,0.1842744047801359,0.12976098078185594,0.2814811919583192,0.21149174892041944,halfcylinder,0.6536679267481422,0.6620127981384526,0.5636162256677967,0.484375,0.20175208161018263,0.12976098078185594
c04_all_kin4,cylinder3d,189,0.8406343645484898,0.7948220064724919,fmt_all+kin4,0.8471551157622548,0.6980781153130812,0.2280028980388319,0.15595014871651403,0.29444509912263217,0.2052006224355883,halfcylinder,0.6126314665096579,0.6388718577559779,0.5527100166396226,0.4928774928774929,0.2208996920783916,0.15595014871651403
c05_aivd1w3,cylinder3d,8,0.9874770498137827,0.9457070707070707,aivd1w3,0.8425938395257774,0.7104247104247104,0.8260328529182528,0.732555143269429,0.3228715390371746,0.23046073023560643,halfcylinder,0.1614441968955299,0.21315192743764172,0.5197223004886028,0.479963980189104,0.5279800663651157,0.23046073023560643
c06_aivd2w4,cylinder3d,10,0.9874409528216974,0.951048951048951,aivd2w4,0.8422818585711386,0.7108821635544108,0.7892920139743247,0.6971321493201558,0.4266612538110593,0.46995375557794794,halfcylinder,0.19814893884737267,0.25391680172879527,0.4156206047600793,0.2409284079764629,0.595759793170872,0.4266612538110593
c07_aivd2w8,cylinder3d,10,0.9830072427974893,0.9359605911330049,aivd2w8,0.8460910036944356,0.7257963772642099,0.7848583039501167,0.6820437894042096,0.4304703989343563,0.484867969287747,halfcylinder,0.19814893884737267,0.25391680172879527,0.4156206047600793,0.2409284079764629,0.5955601153941074,0.4304703989343563
c08_aivd4w8,cylinder3d,14,0.9753513032013719,0.9218261413383365,aivd4w8,0.8394064464689188,0.7280701754385965,0.7790962776504959,0.6872152238005897,0.45525080030514536,0.5118180142469487,halfcylinder,0.19625502555087598,0.2346109175377468,0.38415564616377346,0.21625216119164783,0.6083450790007949,0.45525080030514536
c09_aivd4w16,cylinder3d,14,0.9611202982789518,0.9041591320072333,aivd4w16,0.8473336309947971,0.7589928057553957,0.7648652727280758,0.6695482144694865,0.4631779848310236,0.5427406445637479,halfcylinder,0.19625502555087598,0.2346109175377468,0.38415564616377346,0.21625216119164783,0.6100830291480835,0.4631779848310236
c10_aivd6w16,cylinder3d,18,0.952454751150827,0.8843537414965986,aivd6w16,0.8473801646159062,0.7572463768115942,0.5859701028252042,0.4967813349668461,0.2995873161021363,0.23270354716770592,halfcylinder,0.36648464832562283,0.3875724065297525,0.5477928485137699,0.5245428296438883,0.40376057526547315,0.23270354716770592
c11_aivd6w32,cylinder3d,18,0.8949511453601091,0.8142777467930842,aivd6w32,0.8525130918114285,0.7568513119533528,0.5284664970344863,0.4267053402633317,0.3047202432976587,0.23230848230946444,halfcylinder,0.36648464832562283,0.3875724065297525,0.5477928485137699,0.5245428296438883,0.3730501407262352,0.23230848230946444
c12_aivd2w8log,cylinder3d,10,0.9806773778821012,0.9317617866004962,aivd2w8log,0.8461854002204043,0.7244193345888261,0.7825284390347285,0.677844984871701,0.43056479546032506,0.48349092661236326,halfcylinder,0.19814893884737267,0.25391680172879527,0.4156206047600793,0.2409284079764629,0.5936072864947795,0.43056479546032506
c13_aivdq2w8,cylinder3d,20,0.9535593280566047,0.929305912596401,aivdq2w8,0.8342592071407926,0.7014157014157014,0.5940183717318115,0.5442685061126105,0.2800125833809355,0.16508189925911443,halfcylinder,0.3595409563247932,0.38503740648379053,0.5542466237598571,0.536333802156587,0.395845340121118,0.16508189925911443
c14_aivdq4w16,cylinder3d,28,0.9501394111479501,0.9057071960297767,aivdq4w16,0.8455409709382483,0.7334570191713049,0.569008378713108,0.5109703539245135,0.2771769321710922,0.20048404619833193,halfcylinder,0.38113103243484203,0.39473684210526316,0.5683640387671561,0.532972972972973,0.3894099277517614,0.20048404619833193
c15_akin2w8,cylinder3d,40,0.8478962114872918,0.8301647655259823,akin2w8,0.8067692843380143,0.6815856777493606,0.45794098754339885,0.43016476552598226,0.22030796125715024,0.14507945817121026,halfcylinder,0.3899552239438929,0.4,0.5864613230808641,0.5365062195781504,0.3133732931244354,0.14507945817121026
c16_akin4w16,cylinder3d,56,0.8896833445495185,0.875,akin4w16,0.8441207791690412,0.7304347826086957,0.32797729251401975,0.3486842105263158,0.20809213035121832,0.16735377331254686,halfcylinder,0.5617060520354987,0.5263157894736842,0.6360286488178228,0.5630810092961488,0.2630268516760252,0.16735377331254686
c17_all_aivd2w8,cylinder3d,171,0.8889735559752463,0.8222643896268185,fmt_all+aivd2w8,0.8679527371403192,0.7253822629969419,0.2503763539752657,0.17183808024801217,0.2925547251360835,0.255994507894901,halfcylinder,0.6385972019999806,0.6504263093788063,0.5753980120042357,0.46938775510204084,0.2426909168135656,0.17183808024801217
c00_kin2,halfcylinderRe640,12,0.8161389242711746,0.7917823431426985,kin2,0.7699042233456663,0.7648327939590076,0.3253190932198783,0.29343718947839587,0.4415563979919541,0.38096971327441104,halfcylinder,0.49081983105129634,0.4983451536643026,0.3283478253537122,0.38386308068459657,0.3603205984911598,0.29343718947839587
c01_kin4,halfcylinderRe640,28,0.8960275593244313,0.8381932532875929,kin4,0.8763233186344919,0.8343357025697102,0.1305024464309048,0.1364173806605261,0.17961537826909957,0.2245562203070065,halfcylinder,0.7655251128935265,0.7017758726270668,0.6967079403653923,0.6097794822627037,0.16777285641688425,0.1305024464309048
c02_kin6,halfcylinderRe640,44,0.9108893583751226,0.8571428571428571,kin6,0.9080785763507929,0.8407428249859313,0.130205814799791,0.1432125088841506,0.19664147596576564,0.21555909152194308,halfcylinder,0.7806835435753317,0.7139303482587065,0.7114371003850273,0.6251837334639883,0.17140472279291258,0.130205814799791
c03_all_kin2,halfcylinderRe640,173,0.822938437421021,0.7909859154929577,fmt_all+kin2,0.8066654955855193,0.7675040085515767,0.07332688597064674,0.0971874658805546,0.10230461520685408,0.11940545472190345,halfcylinder,0.7496115514503743,0.6937984496124031,0.7043608803786652,0.6480985538296733,0.09805610544498972,0.07332688597064674
c04_all_kin4,halfcylinderRe640,189,0.8834024872397103,0.8275862068965517,fmt_all+kin4,0.8703516655180983,0.8150134048257373,0.1514598404358034,0.1479745564111148,0.17454351728688344,0.17173223914845714,halfcylinder,0.7319426468039069,0.6796116504854369,0.6958081482312148,0.6432811656772801,0.1614275383205647,0.1479745564111148
c05_aivd1w3,halfcylinderRe640,8,0.9630933966592341,0.9016393442622951,aivd1w3,0.9523408186721307,0.8908785674314493,0.4655208195925385,0.41548209066318104,0.6174390432506479,0.5314315628231544,halfcylinder,0.4975725770666956,0.48615725359911405,0.3349017754214828,0.35944700460829493,0.5074683790823805,0.41548209066318104
c06_aivd2w4,halfcylinderRe640,10,0.9620235182399038,0.900117508813161,aivd2w4,0.9495543998664263,0.8866442199775533,0.4468101709545663,0.38941087069752933,0.6139954261821929,0.5092486425819759,halfcylinder,0.5152133472853375,0.5107066381156317,0.3355589736842334,0.3773955773955774,0.48986627760406615,0.38941087069752933
c07_aivd2w8,halfcylinderRe640,10,0.9591918878545909,0.8978185993111366,aivd2w8,0.946127481304429,0.885227896760022,0.44397854056925334,0.38711196119550495,0.6105685076201957,0.5078323193644446,halfcylinder,0.5152133472853375,0.5107066381156317,0.3355589736842334,0.3773955773955774,0.48737283218734967,0.38711196119550495
c08_aivd4w8,halfcylinderRe640,14,0.9573964660785176,0.8966704936854191,aivd4w8,0.9462529862087328,0.8766519823788547,0.4553196584358816,0.3879495634528609,0.6033128108455161,0.4858763010371356,halfcylinder,0.502076807642636,0.5087209302325582,0.3429401753632167,0.3907756813417191,0.4831145834428486,0.3879495634528609
c09_aivd4w16,halfcylinderRe640,14,0.9582393068924688,0.8966725043782837,aivd4w16,0.9550185481999539,0.8834154351395731,0.4561624992498329,0.38795157414572556,0.6120783728367372,0.492639753797854,halfcylinder,0.502076807642636,0.5087209302325582,0.3429401753632167,0.3907756813417191,0.4872080500075374,0.38795157414572556
c10_aivd6w16,halfcylinderRe640,18,0.9576618290667843,0.895906432748538,aivd6w16,0.955153982105689,0.8841295991213619,0.43183124082669055,0.3756130342155306,0.5989931474149051,0.4912122298127616,halfcylinder,0.5258305882400938,0.5202933985330074,0.356160834690784,0.39291736930860033,0.47441241306747195,0.3756130342155306
c11_aivd6w32,halfcylinderRe640,18,0.9214358128534117,0.8808411214953271,aivd6w32,0.9198913986567031,0.8699945145364784,0.39560522461331793,0.36054772296231974,0.5637305639659191,0.47707714522787803,halfcylinder,0.5258305882400938,0.5202933985330074,0.356160834690784,0.39291736930860033,0.44924016419235874,0.36054772296231974
c12_aivd2w8log,halfcylinderRe640,10,0.9586916153930533,0.8976558033161807,aivd2w8log,0.9455370329978653,0.8835429196282122,0.44347826810771573,0.386949165200549,0.6099780593136319,0.5061473422326348,halfcylinder,0.5152133472853375,0.5107066381156317,0.3355589736842334,0.3773955773955774,0.4866382087136329,0.386949165200549
c13_aivdq2w8,halfcylinderRe640,20,0.9613191472856022,0.9043478260869565,aivdq2w8,0.9566910525083903,0.8907103825136612,0.27257903580842036,0.2542630324182171,0.37471386580879273,0.330872654318935,halfcylinder,0.6887401114771818,0.6500847936687394,0.5819771866995975,0.5598377281947262,0.3081071470885913,0.2542630324182171
c14_aivdq4w16,halfcylinderRe640,28,0.9608193552916706,0.8964326812428078,aivdq4w16,0.9546770513154232,0.8800868149755833,0.19529424239814408,0.19465680861574108,0.25796911095003094,0.27030733271287954,halfcylinder,0.7655251128935265,0.7017758726270668,0.6967079403653923,0.6097794822627037,0.2295568736691989,0.19465680861574108
c15_akin2w8,halfcylinderRe640,40,0.9634145296010856,0.896551724137931,akin2w8,0.958187605972617,0.8790016277807922,0.17944286763377082,0.17994747944379874,0.24225959037410139,0.24887817099066867,halfcylinder,0.7839716619673148,0.7166042446941323,0.7159280155985156,0.6301234567901235,0.2126320271105849,0.17944286763377082
c16_akin4w16,halfcylinderRe640,56,0.9629411153840497,0.8980780430984275,akin4w16,0.9565580102132927,0.8849752339020364,0.18834872142689685,0.1894647260550555,0.24599959957565465,0.2702524805559561,halfcylinder,0.7745923939571528,0.708613317043372,0.710558410637638,0.6147227533460803,0.22351638190339077,0.18834872142689685
c17_all_aivd2w8,halfcylinderRe640,171,0.9455386235105242,0.8745519713261649,fmt_all+aivd2w8,0.935311332777809,0.8490990990990991,0.19334021113228683,0.17487351473452506,0.23214054170569387,0.20570489931392189,halfcylinder,0.7521984123782374,0.6996784565916399,0.7031707910721151,0.6433941997851772,0.2015147917216069,0.17487351473452506
c00_kin2,halfcylinderRe6400,12,0.8390347549320003,0.7792207792207793,kin2,0.7696217965315959,0.6981740064446831,0.45181161441958656,0.33699150871783407,0.3767511932209661,0.2863788693520809,halfcylinder,0.38722314051241374,0.4422292705029452,0.3928706033106298,0.4117951370926022,0.3629832964276169,0.2863788693520809
c01_kin4,halfcylinderRe6400,28,0.859933507406176,0.8007736943907157,kin4,0.7958700309909301,0.7340980187695516,0.3133459001960507,0.23201534993143658,0.3350604957573581,0.26041380824323584,halfcylinder,0.5465876072101253,0.5687583444592791,0.46080953523357204,0.47368421052631576,0.2852088885320203,0.23201534993143658
c02_kin6,halfcylinderRe6400,44,0.8586968255119061,0.8122489959839357,kin6,0.7947448473111752,0.7376873661670236,0.2836107853191079,0.23888173559377457,0.31803815915578204,0.23670697401016083,halfcylinder,0.5750860401927982,0.5733672603901612,0.4767066881553932,0.5009803921568627,0.26930941351970633,0.23670697401016083
c03_all_kin2,halfcylinderRe6400,173,0.7964018493773564,0.7346747777257838,fmt_all+kin2,0.7606125016832906,0.7006172839506173,0.21891726111642262,0.17666632305222818,0.5776978642979141,0.3900163386433924,halfcylinder,0.5774845882609337,0.5580084546735556,0.18291463738537647,0.3106009453072249,0.34082444677748935,0.17666632305222818
c04_all_kin4,halfcylinderRe6400,189,0.811525456989343,0.7520946278955151,fmt_all+kin4,0.7764287855159373,0.7052575677110993,0.24341113313287221,0.19878580436610327,0.5872882538793758,0.39100020747292524,halfcylinder,0.5681143238564708,0.5533088235294118,0.18914053163656158,0.314257360238174,0.3551213497128191,0.19878580436610327
c05_aivd1w3,halfcylinderRe6400,8,0.966802307116312,0.9117797042325344,aivd1w3,0.8676899037415109,0.8142934488359502,0.5899823510362603,0.4986388381299958,0.4809819251858327,0.4162196125598668,halfcylinder,0.37681995608005175,0.4131408661025386,0.3867079785556782,0.39807383627608345,0.4964556817279889,0.4162196125598668
c06_aivd2w4,halfcylinderRe6400,10,0.955912874785251,0.901352028042063,aivd2w4,0.8654500322299021,0.8117962466487936,0.5791399546038756,0.48791007284858035,0.48044366923932047,0.41681534102959006,halfcylinder,0.3767729201813755,0.4134419551934827,0.38500636299058166,0.3949809056192035,0.49107725943034164,0.41681534102959006
c07_aivd2w8,halfcylinderRe6400,10,0.9485283081566637,0.8903162055335968,aivd2w8,0.8543067516975366,0.7983149025803055,0.5717553879752881,0.4768742503401141,0.4693003887069549,0.40333399696110195,halfcylinder,0.3767729201813755,0.4134419551934827,0.38500636299058166,0.3949809056192035,0.4803160059958648,0.40333399696110195
c08_aivd4w8,halfcylinderRe6400,14,0.9477366838806603,0.8902316213494461,aivd4w8,0.853615073406826,0.7929184549356223,0.5623080094317487,0.45018005280625745,0.46044700606661587,0.3734836507710214,halfcylinder,0.38542867444891155,0.44005156854318866,0.3931680673402101,0.4194348041646009,0.46160467976891084,0.3734836507710214
c09_aivd4w16,halfcylinderRe6400,14,0.9570146251738848,0.8985074626865671,aivd4w16,0.845492485422312,0.7928307854507116,0.5715859507249732,0.45845589414337845,0.45232441808210194,0.37339598128611073,halfcylinder,0.38542867444891155,0.44005156854318866,0.3931680673402101,0.4194348041646009,0.4639405610591411,0.37339598128611073
c10_aivd6w16,halfcylinderRe6400,18,0.9573946276179791,0.8993618065783014,aivd6w16,0.8442931080221839,0.797501301405518,0.5350829780378055,0.4062332697957631,0.4858131838707969,0.3705782244824411,halfcylinder,0.4223116495801737,0.4931285367825384,0.358479924151387,0.4269230769230769,0.44942691404670165,0.3705782244824411
c11_aivd6w32,halfcylinderRe6400,18,0.9142393477162609,0.872762457668118,aivd6w32,0.8414745273686596,0.7954545454545454,0.4919276981360872,0.3796339208855796,0.48299460321727256,0.3685314685314685,halfcylinder,0.4223116495801737,0.4931285367825384,0.358479924151387,0.4269230769230769,0.43077192269260195,0.3685314685314685
c12_aivd2w8log,halfcylinderRe6400,10,0.9450494571379116,0.884313725490196,aivd2w8log,0.8531624204123427,0.7970634504457262,0.5682765369565361,0.47087177029671334,0.46815605742176103,0.4020825448265227,halfcylinder,0.3767729201813755,0.4134419551934827,0.38500636299058166,0.3949809056192035,0.4773467273753833,0.4020825448265227
c13_aivdq2w8,halfcylinderRe6400,20,0.9391867011940616,0.8785228377065112,aivdq2w8,0.8458794691106799,0.7962283918281823,0.5116262875012696,0.3852118009172135,0.4867580709396819,0.37621848593417534,halfcylinder,0.427560413692792,0.49331103678929766,0.35912139817099803,0.42000990589400694,0.4399536613230851,0.37621848593417534
c14_aivdq4w16,halfcylinderRe6400,28,0.9380337649105233,0.8801980198019802,aivdq4w16,0.8308985152876925,0.7915594441585178,0.3914461577003979,0.3114396753427011,0.3700889800541205,0.317875233632202,halfcylinder,0.5465876072101253,0.5687583444592791,0.46080953523357204,0.47368421052631576,0.3477125116823554,0.3114396753427011
c15_akin2w8,halfcylinderRe6400,40,0.9489943696375434,0.8753104818678589,akin2w8,0.8599947688884517,0.7972472207517205,0.3689948291060884,0.2908277232471692,0.37395639778694006,0.2980006110078732,halfcylinder,0.579999540531455,0.5844827586206897,0.48603837110151166,0.4992466097438473,0.3329448902870177,0.2908277232471692
c16_akin4w16,halfcylinderRe6400,56,0.955225225077292,0.884313725490196,akin4w16,0.8486497385073412,0.7983411093831001,0.37957418623225236,0.3154013520864092,0.6670299205026232,0.4703020134759529,halfcylinder,0.5756510388450397,0.5689123734037869,0.18161981800471794,0.3280390959071472,0.4580768680743095,0.3154013520864092
c17_all_aivd2w8,halfcylinderRe6400,171,0.8919474551582434,0.8221225710014948,fmt_all+aivd2w8,0.8406537410424659,0.7528150134048257,0.3141172423163059,0.2681726673406084,0.6573188130438627,0.44522880650827396,halfcylinder,0.5778302128419375,0.5539499036608864,0.18333492799860313,0.30758620689655175,0.42120938230226274,0.2681726673406084
c00_kin2,tangaroa,12,0.9401051211360589,0.8808837656099904,kin2,0.9056293721585037,0.8359456635318704,0.27495273306248624,0.16337204852434917,0.24385833580438132,0.13846282600326631,tangaroa,0.6651523880735727,0.7175117170856412,0.6617710363541224,0.6974828375286041,0.20516148584862076,0.13846282600326631
c01_kin4,tangaroa,28,0.9615474371696306,0.9010238907849829,kin4,0.9160759765779837,0.8267800212539851,0.22818044769137757,0.14776585429497424,0.2070962541817445,0.1615366395289637,tangaroa,0.7333669894782531,0.7532580364900087,0.7089797223962392,0.6652433817250214,0.186144798924265,0.14776585429497424
c02_kin6,tangaroa,44,0.9636196829751544,0.9032258064516129,kin6,0.9200884505466538,0.828693790149893,0.22875810962021337,0.14753403762499295,0.20385002703421995,0.1154584960322459,tangaroa,0.7348615733549411,0.7556917688266199,0.7162384235124338,0.7132352941176471,0.17390016757791804,0.1154584960322459
c03_all_kin2,tangaroa,173,0.9023975528737841,0.8407643312101911,fmt_all+kin2,0.8755057530362126,0.80370942812983,0.17660149460284935,0.09835402762233458,0.17601546892567477,0.08323110227033825,tangaroa,0.7257960582709347,0.7424103035878565,0.6994902841105378,0.7204783258594918,0.13355052335529924,0.08323110227033825
c04_all_kin4,tangaroa,189,0.9178410524061991,0.857413548081478,fmt_all+kin4,0.8774391096280333,0.8010526315789473,0.1961588638181555,0.11565530632323617,0.19013232127027668,0.08295174137123218,tangaroa,0.7216821885880436,0.7417582417582418,0.6873067883577566,0.7181008902077152,0.14622455819572514,0.08295174137123218
c05_aivd1w3,tangaroa,8,0.9751344037546561,0.9183374083129584,aivd1w3,0.925710850125346,0.8415948275862069,0.35248375957236333,0.23120536457872798,0.25991835806894537,0.14271006922189455,tangaroa,0.6226506441822928,0.6871320437342304,0.6657924920564007,0.6988847583643123,0.2465793878604828,0.14271006922189455
c06_aivd2w4,tangaroa,10,0.9741867720589124,0.9207258834765998,aivd2w4,0.9221067897611982,0.8417754569190601,0.35258991260234196,0.23403418552082178,0.28425654897743413,0.16186575037278472,tangaroa,0.6215968594565704,0.686691697955778,0.6378502407837641,0.6799097065462754,0.25818659936834565,0.16186575037278472
c07_aivd2w8,tangaroa,10,0.9781640216409621,0.9195621132793907,aivd2w8,0.9240477059566712,0.8492146596858638,0.35656716218439166,0.23287041532361274,0.2861974651729071,0.1693049531395885,tangaroa,0.6215968594565704,0.686691697955778,0.6378502407837641,0.6799097065462754,0.26123499895512503,0.1693049531395885
c08_aivd4w8,tangaroa,14,0.97746224865445,0.918111753371869,aivd4w8,0.9232755489872702,0.8485804416403786,0.3121392876826705,0.19871943880529175,0.2738895657916113,0.16551516254860943,tangaroa,0.6653229609717795,0.7193923145665773,0.6493859831956589,0.6830652790917692,0.23756586370704574,0.16551516254860943
c09_aivd4w16,tangaroa,14,0.9825210263739949,0.9315992292870906,aivd4w16,0.9281350841606467,0.85068349106204,0.3171980654022154,0.21220691472051334,0.27874910096498784,0.16761821197027083,tangaroa,0.6653229609717795,0.7193923145665773,0.6493859831956589,0.6830652790917692,0.24394307326449685,0.16761821197027083
c10_aivd6w16,tangaroa,18,0.9818768405314886,0.931851135814403,aivd6w16,0.9273323977028457,0.8462354188759279,0.2573705515542475,0.18620653651126717,0.24249910073095127,0.34346398098874176,tangaroa,0.7245062889772411,0.7456445993031359,0.6848332969718944,0.5027714378871861,0.2573850424463019,0.18620653651126717
c11_aivd6w32,tangaroa,18,0.9774538865707065,0.9296724470134875,aivd6w32,0.9286529898010707,0.848966613672496,0.2529475975934654,0.18402784771035163,0.24381969282917626,0.3461951757853099,tangaroa,0.7245062889772411,0.7456445993031359,0.6848332969718944,0.5027714378871861,0.2567475784795758,0.18402784771035163
c12_aivd2w8log,tangaroa,10,0.9764650953571512,0.9178927384907452,aivd2w8log,0.9232307773811124,0.8470343392299687,0.3548682359005808,0.23120104053496715,0.2853805365973483,0.16712463268369337,tangaroa,0.6215968594565704,0.686691697955778,0.6378502407837641,0.6799097065462754,0.2596436114291474,0.16712463268369337
c13_aivdq2w8,tangaroa,20,0.975948967306631,0.9221153846153847,aivdq2w8,0.9243539455986591,0.8525441329179647,0.2505759163036666,0.17244651044319925,0.2426360558453352,0.3555105139331262,tangaroa,0.7253730510029645,0.7496688741721854,0.6817178897533239,0.4970336189848385,0.25529224913133186,0.17244651044319925
c14_aivdq4w16,tangaroa,28,0.978790121752651,0.9273255813953488,aivdq4w16,0.9240115683151006,0.8426610348468849,0.24542313227439794,0.17406754490534015,0.21503184591886138,0.17741765312186353,tangaroa,0.7333669894782531,0.7532580364900087,0.7089797223962392,0.6652433817250214,0.20298504405511575,0.17406754490534015
c15_akin2w8,tangaroa,40,0.9699072508439772,0.9079396005845105,akin2w8,0.9228132346266762,0.8308668076109936,0.23673847025066752,0.15514990101369508,0.20098854012119516,0.10864458538877142,tangaroa,0.7331687805933097,0.7527896995708154,0.721824694505481,0.7222222222222222,0.1753803741935823,0.10864458538877142
c16_akin4w16,tangaroa,56,0.9727972587096905,0.9116674539442607,akin4w16,0.9261198685285981,0.8429237947122862,0.24659816850025484,0.16764015018999456,0.21065804078641137,0.1440552133371774,tangaroa,0.7261990902094356,0.7440273037542662,0.7154618277421867,0.6988685813751088,0.19223789320345955,0.1440552133371774
c17_all_aivd2w8,tangaroa,171,0.9489148317652624,0.881578947368421,fmt_all+aivd2w8,0.8985971635380776,0.8039832285115304,0.22443306286218423,0.13747899364329375,0.2002042143501489,0.08273762328802459,tangaroa,0.7244817689030781,0.7440999537251273,0.6983929491879287,0.7212456052235058,0.16121347353591287,0.08273762328802459
c00_kin2,deltaWing_resampled,12,0.9901682767286755,0.9499736703528173,kin2,0.9759807645684008,0.9199793495095508,0.38162126985013967,0.26302302802692146,0.7729930449456583,0.7077815869689518,deltaWing,0.6085470068785358,0.6869506423258959,0.20298771962274237,0.21219776254059905,0.5313547324479178,0.26302302802692146
c01_kin4,deltaWing_resampled,28,0.9866680090648607,0.943437671609006,kin4,0.9743497192951557,0.8892561983471075,0.4208981843721439,0.35467072519196274,0.8765058648085245,0.6935711633051946,deltaWing,0.5657698246927169,0.5887669464170433,0.09784385448663113,0.19568503504191287,0.5864114844194565,0.35467072519196274
c02_kin6,deltaWing_resampled,44,0.9843646126644098,0.9389519178822259,kin6,0.9739408633596193,0.9072386058981233,0.33896563935440827,0.27752507386771563,0.8506597380364651,0.7046161076234512,deltaWing,0.6453989733100015,0.6614268440145102,0.1232811253231541,0.20262249827467219,0.54294163972051,0.27752507386771563
c03_all_kin2,deltaWing_resampled,173,0.9830022281024662,0.9416257501363884,fmt_all+kin2,0.9652257729242455,0.8916309012875536,0.25507958411890486,0.20049718701829644,0.5514677188657617,0.694488502828732,deltaWing,0.7279226439835613,0.7411285631180919,0.41375805405848376,0.19714239845882164,0.4253832482079237,0.20049718701829644
c04_all_kin4,deltaWing_resampled,189,0.9710040552652182,0.9323467230443975,fmt_all+kin4,0.9600973923214282,0.8956158663883089,0.23976682612790368,0.18675765076209805,0.5391738130209021,0.6995565926543894,deltaWing,0.7312372291373145,0.7455890722822994,0.4209235793005262,0.19605927373391957,0.4163137206413233,0.18675765076209805
c05_aivd1w3,deltaWing_resampled,8,0.9700136341485373,0.9087856743144935,aivd1w3,0.9624590490137476,0.8474970896391153,0.3094456661636641,0.20090688643570564,0.3101881533022882,0.17037746129997478,deltaWing,0.6605679679848732,0.7078787878787879,0.6522708957114594,0.6771196283391405,0.24772954180040818,0.17037746129997478
c06_aivd2w4,deltaWing_resampled,10,0.972456769298237,0.9143179255918827,aivd2w4,0.9667617509539487,0.8476744186046512,0.31828466059243354,0.20600986009764377,0.3358645930146227,0.20163750220942867,deltaWing,0.6541721087058034,0.708308065494239,0.630897157939326,0.6460369163952225,0.2654491539785322,0.20163750220942867
c07_aivd2w8,deltaWing_resampled,10,0.9755422394873903,0.9278119753777281,aivd2w8,0.9673389539984975,0.8532110091743119,0.3213701307815868,0.2195039098834891,0.33644179605917146,0.20717409277908938,deltaWing,0.6541721087058034,0.708308065494239,0.630897157939326,0.6460369163952225,0.2711224823758342,0.20717409277908938
c08_aivd4w8,deltaWing_resampled,14,0.9756719730310605,0.9268565047459519,aivd4w8,0.9677018525773713,0.8551803091013166,0.4507471015499519,0.39179864225446115,0.8804157670426276,0.666201700233205,deltaWing,0.5249248714811086,0.5350578624914908,0.08728608553474376,0.18897860886811163,0.5972908027700614,0.39179864225446115
c09_aivd4w16,deltaWing_resampled,14,0.9880964777382035,0.9440596696856686,aivd4w16,0.974577488104493,0.8929159802306426,0.46317160625709497,0.4090018071941778,0.8872914025697491,0.703937371362531,deltaWing,0.5249248714811086,0.5350578624914908,0.08728608553474376,0.18897860886811163,0.6158505468458881,0.4090018071941778
c10_aivd6w16,deltaWing_resampled,18,0.9876965036615744,0.9453961456102784,aivd6w16,0.9744762905038622,0.893523600439078,0.4423173154441363,0.37039614561027845,0.882392691435756,0.7008554637246347,deltaWing,0.545379188217438,0.575,0.09208359906810618,0.19266813671444322,0.5989904040537014,0.37039614561027845
c11_aivd6w32,deltaWing_resampled,18,0.9879986179887764,0.9460758142018153,aivd6w32,0.9771171987362748,0.9020251778872469,0.4426194297713384,0.37107581420181535,0.8850335996681686,0.7093570411728036,deltaWing,0.545379188217438,0.575,0.09208359906810618,0.19266813671444322,0.6020214712035314,0.37107581420181535
c12_aivd2w8log,deltaWing_resampled,10,0.975503353364429,0.9278119753777281,aivd2w8log,0.967275588008826,0.8523836875358989,0.3213312446586255,0.2195039098834891,0.33637843006949997,0.20634677114067634,deltaWing,0.6541721087058034,0.708308065494239,0.630897157939326,0.6460369163952225,0.27089008893807276,0.20634677114067634
c13_aivdq2w8,deltaWing_resampled,20,0.9835727511424365,0.9274583557227297,aivdq2w8,0.9742234539346047,0.9011223944414751,0.44187861017059316,0.3579132008117212,0.8812274256713712,0.7110272088986416,deltaWing,0.5416941409718433,0.5695451549110085,0.09299602826323351,0.1900951855428335,0.5980116113880818,0.3579132008117212
c14_aivdq4w16,deltaWing_resampled,28,0.9860052985139366,0.9399675500270417,aivdq4w16,0.9706571138892623,0.8951351351351351,0.42023547382121973,0.3512006036099984,0.8728132594026312,0.6994501000932223,deltaWing,0.5657698246927169,0.5887669464170433,0.09784385448663113,0.19568503504191287,0.5859248592317678,0.3512006036099984
c15_akin2w8,deltaWing_resampled,40,0.9832716378337558,0.9242028227914271,akin2w8,0.9694332882999046,0.9033635878270155,0.3570153805252144,0.2905394564547934,0.8507742780871275,0.7005131657985113,deltaWing,0.6262562573085414,0.6336633663366337,0.11865901021277714,0.20285042202850423,0.5497105702164117,0.2905394564547934
c16_akin4w16,deltaWing_resampled,56,0.9875669554544253,0.9361702127659575,akin4w16,0.9762935061676963,0.8962472406181016,0.3076537206353983,0.25877009350537306,0.7693953613597695,0.7025535469244079,deltaWing,0.679913234819027,0.6774001192605844,0.20689814480792676,0.19369369369369369,0.5095931806062372,0.25877009350537306
c17_all_aivd2w8,deltaWing_resampled,171,0.98163464468955,0.9349550502379693,fmt_all+aivd2w8,0.9673157449612582,0.8956927867151012,0.2529572785737163,0.19527615115540053,0.5464798752570954,0.7002540790812717,deltaWing,0.7286773661158337,0.7396788990825688,0.4208358697041628,0.1954387076338296,0.423741846016871,0.19527615115540053
c00_kin2,deltaWing_LBM,12,0.984823826340766,0.9320583794665325,kin2,0.9732221348521468,0.8863753213367609,0.41659098761980495,0.33296218837550595,0.5956225794974079,0.6138677684666702,deltaWing,0.5682328387209611,0.5990961910910265,0.3775995553547389,0.27250755287009065,0.48976088098984727,0.33296218837550595
c01_kin4,deltaWing_LBM,28,0.985340150199647,0.9344262295081968,kin4,0.9743970517512498,0.9041501976284585,0.42993545357699714,0.42031211539408264,0.5629686040173543,0.6341236724295195,deltaWing,0.5554046966226499,0.5141141141141141,0.41142844773389553,0.270026525198939,0.5118349613544884,0.42031211539408264
c02_kin6,deltaWing_LBM,44,0.9816741016538878,0.9269020387866733,kin6,0.9730782443591898,0.8943911066195048,0.3658424508536171,0.3481123443588723,0.48713395814624577,0.5666575375066254,deltaWing,0.6158316508002707,0.578789694427801,0.485944286212944,0.32773356911287943,0.4419365727163401,0.3481123443588723
c03_all_kin2,deltaWing_LBM,173,0.972860185404788,0.9140958709065021,fmt_all+kin2,0.9625949962402066,0.8896353166986565,0.2836308791666775,0.23080975192633213,0.43819596698144947,0.4816156191960184,deltaWing,0.6892293062381105,0.68328611898017,0.5243990292587571,0.40801969750263806,0.35856305431761937,0.23080975192633213
c04_all_kin4,deltaWing_LBM,189,0.9726538409371591,0.919605077574048,fmt_all+kin4,0.9617852411222383,0.8963531669865643,0.2832924158619775,0.24291334825073974,0.4338014963578418,0.4634659776940213,deltaWing,0.6893614250751816,0.6766917293233082,0.5279837447643965,0.432887189292543,0.3558683095411451,0.24291334825073974
c05_aivd1w3,deltaWing_LBM,8,0.9686237734339621,0.9044334975369458,aivd1w3,0.9606913459459545,0.8720626631853786,0.30165192932638873,0.20549081528875435,0.287049980107834,0.17344007365369818,deltaWing,0.6669718441075734,0.6989426822481914,0.6736413658381205,0.6986225895316804,0.24190819959416882,0.17344007365369818
c06_aivd2w4,deltaWing_LBM,10,0.9705418713461501,0.9056974459724951,aivd2w4,0.9626528827675774,0.8746081504702194,0.39449600549175645,0.3035999752753946,0.5609633457731747,0.5832530801740783,deltaWing,0.5760458658543937,0.6020974706971005,0.4016895369944027,0.2913550702961412,0.460578101678601,0.3035999752753946
c07_aivd2w8,deltaWing_LBM,10,0.9686485948731991,0.9128919860627178,aivd2w8,0.9631482857315014,0.8746776689014956,0.39260272901880544,0.3107945153656173,0.5614587487370987,0.5833225986053543,deltaWing,0.5760458658543937,0.6020974706971005,0.4016895369944027,0.2913550702961412,0.46204464793171895,0.3107945153656173
c08_aivd4w8,deltaWing_LBM,14,0.9712701589681207,0.9148296593186372,aivd4w8,0.9640276828777289,0.8735751295336788,0.42556052749207707,0.3149650689327198,0.5359988604521082,0.5285730207188327,deltaWing,0.5457096314760437,0.5998645903859174,0.4280288224256207,0.34500210881484605,0.45127436939893445,0.3149650689327198
c09_aivd4w16,deltaWing_LBM,14,0.9799079357791993,0.9245283018867925,aivd4w16,0.9672800090676937,0.8831967213114754,0.43419830430315565,0.32466371150087503,0.539251186642073,0.5381946124966294,deltaWing,0.5457096314760437,0.5998645903859174,0.4280288224256207,0.34500210881484605,0.45907695373568325,0.32466371150087503
c10_aivd6w16,deltaWing_LBM,18,0.9801495350794452,0.9250749250749251,aivd6w16,0.9667592959222064,0.8761609907120743,0.4549001270537112,0.431971476799063,0.6086753225474144,0.6100402128205697,deltaWing,0.525249408025734,0.49310344827586206,0.35808397337479203,0.2661207778915046,0.5263967848051896,0.431971476799063
c11_aivd6w32,deltaWing_LBM,18,0.9806331694966889,0.9282533399307273,aivd6w32,0.9696765157183607,0.8960321446509292,0.45538376147095483,0.4351498916548653,0.6115925423435686,0.6299113667594245,deltaWing,0.525249408025734,0.49310344827586206,0.35808397337479203,0.2661207778915046,0.5330093905572033,0.4351498916548653
c12_aivd2w8log,deltaWing_LBM,10,0.9684962674449776,0.9126984126984127,aivd2w8log,0.9630681880096958,0.874806800618238,0.392450401590584,0.31060094200131216,0.5613786510152932,0.5834517303220967,deltaWing,0.5760458658543937,0.6020974706971005,0.4016895369944027,0.2913550702961412,0.4619704312323215,0.31060094200131216
c13_aivdq2w8,deltaWing_LBM,20,0.9821142725994884,0.9258160237388724,aivdq2w8,0.9733519316231976,0.9022784810126582,0.4511596844060516,0.4280270155266172,0.6008271703941885,0.6407314581968541,deltaWing,0.5309545881934368,0.4977890082122552,0.37252476122900907,0.2615470228158041,0.5301863321309279,0.4280270155266172
c14_aivdq4w16,deltaWing_LBM,28,0.985068378525894,0.9354527938342967,aivdq4w16,0.9742274104798948,0.9058473736372646,0.4296636819032441,0.4213386797201826,0.5627989627459993,0.6358208484383256,deltaWing,0.5554046966226499,0.5141141141141141,0.41142844773389553,0.270026525198939,0.5124055432019379,0.4213386797201826
c15_akin2w8,deltaWing_LBM,40,0.9804260712914534,0.9257255287752091,akin2w8,0.9729609560738263,0.8956433637284701,0.3653444056452996,0.34771134437804596,0.484383663159082,0.579532252617359,deltaWing,0.6150816656461539,0.5780141843971631,0.4885772929147443,0.3161111111111111,0.4442429164499466,0.34771134437804596
c16_akin4w16,deltaWing_LBM,56,0.9832710902298513,0.9296187683284457,akin4w16,0.9739827079516639,0.9009009009009009,0.3422369076252454,0.3213834742107986,0.4950810482256033,0.5789553305476873,deltaWing,0.6410341826046059,0.6082352941176471,0.4789016597260606,0.32194557035321364,0.4344141901523336,0.3213834742107986
c17_all_aivd2w8,deltaWing_LBM,171,0.9725789250589033,0.9184549356223176,fmt_all+aivd2w8,0.9615968690484158,0.8910696761530913,0.2813078974001225,0.23033062929601356,0.4302263585851773,0.500102369108939,deltaWing,0.6912710276587808,0.6881243063263041,0.5313705104632385,0.39096730704415233,0.3604918135975631,0.23033062929601356
c00_kin2,f22raptor,12,0.7439988348501807,0.7324364723467862,kin2,0.7991770158706268,0.7411712114438981,0.19171024303122863,0.0631256146373167,0.26670121171918637,0.07045537630290022,f22raptor,0.5522885918189521,0.6693108577094695,0.5324758041514405,0.6707158351409979,0.14799811142265798,0.0631256146373167
c01_kin4,f22raptor,28,0.8080298154424281,0.7955974842767296,kin4,0.85087196089833,0.7915712322491983,0.11659326538657999,0.09674233245990527,0.18792375539334694,0.10662780318044285,f22raptor,0.6914365500558481,0.6988551518168243,0.662948205504983,0.6849434290687555,0.12697178910506876,0.09674233245990527
c02_kin6,f22raptor,44,0.8350330996778766,0.8114224137931034,kin6,0.8519431540164235,0.8046948356807512,0.13617848832792456,0.10377623688155924,0.17693448539992485,0.11903065330460039,f22raptor,0.6988546113499521,0.7076461769115442,0.6750086686164987,0.6856641823761508,0.13397996597850226,0.10377623688155924
c03_all_kin2,f22raptor,173,0.7042312386416993,0.7051218299353555,fmt_all+kin2,0.7658629146062341,0.7389593353738522,0.02891517567206392,0.02072644609190344,0.11120746390290004,0.06787180221735345,f22raptor,0.6753160629696354,0.6843953838434521,0.6546554507033341,0.6710875331564987,0.05718022197105521,0.02072644609190344
c04_all_kin4,f22raptor,189,0.7443564702159653,0.737441740031072,fmt_all+kin4,0.8098051932993197,0.7626423690205011,0.06744338009108719,0.051699741970936186,0.15152930314153523,0.10082107787043693,f22raptor,0.6769130901248781,0.6857419980601358,0.6582758901577844,0.6618212911500642,0.09287337576849888,0.051699741970936186
c05_aivd1w3,f22raptor,8,0.978783754578557,0.9283314669652856,aivd1w3,0.9716045758018097,0.8955938697318008,0.45913166746142275,0.2488907626669945,0.4652184491517668,0.2379484028847101,f22raptor,0.5196520871171343,0.6794407042982911,0.5063861266500429,0.6576454668470907,0.35279732054122354,0.2379484028847101
c06_aivd2w4,f22raptor,10,0.9794125208235333,0.9291784702549575,aivd2w4,0.9718126024542616,0.8921001926782274,0.43946035068790734,0.26352343737685935,0.42512956302340654,0.21662683292481477,f22raptor,0.5399521701356259,0.6656550328780981,0.5466830394308551,0.6754733597534126,0.336185046003247,0.21662683292481477
c07_aivd2w8,f22raptor,10,0.9782767836408685,0.9256756756756757,aivd2w8,0.9719836254938042,0.8957232099951946,0.43832461350524254,0.26002064279757753,0.4253005860629492,0.220249850241782,f22raptor,0.5399521701356259,0.6656550328780981,0.5466830394308551,0.6754733597534126,0.3359739231518878,0.220249850241782
c08_aivd4w8,f22raptor,14,0.9781659866476895,0.925238898257448,aivd4w8,0.9719486867066481,0.8962536023054755,0.43772017372993044,0.25664266092025556,0.44678951240723785,0.22227637750581286,f22raptor,0.5404458129177591,0.6685962373371924,0.5251591742994103,0.6739772247996626,0.3408571811408092,0.22227637750581286
c09_aivd4w16,f22raptor,14,0.978377934022253,0.9306818181818182,aivd4w16,0.9720442523229524,0.8977436389822372,0.437932121104494,0.26208558084462574,0.44688507802354216,0.2237664141825746,f22raptor,0.5404458129177591,0.6685962373371924,0.5251591742994103,0.6739772247996626,0.3426672985388091,0.2237664141825746
c10_aivd6w16,f22raptor,18,0.977239384751744,0.9303904923599321,aivd6w16,0.9715236237654382,0.8973128598848369,0.4139728649190174,0.24239836637568013,0.40779692743118545,0.2000572852707717,f22raptor,0.5632665198327266,0.687992125984252,0.5637266963342528,0.6972555746140652,0.3160563609991637,0.2000572852707717
c11_aivd6w32,f22raptor,18,0.9781329924312115,0.9253731343283582,aivd6w32,0.9706222480433615,0.9090056285178236,0.41486647259848497,0.23738100834410625,0.40689555170910874,0.21175005390375845,f22raptor,0.5632665198327266,0.687992125984252,0.5637266963342528,0.6972555746140652,0.3177232716388646,0.21175005390375845
c12_aivd2w8log,f22raptor,10,0.9790336681574494,0.9252232142857143,aivd2w8log,0.9716510373236342,0.9035004730368968,0.4390814980218235,0.25956818140761617,0.42496799789277917,0.22802711328348424,f22raptor,0.5399521701356259,0.6656550328780981,0.5466830394308551,0.6754733597534126,0.33791119765142574,0.22802711328348424
c13_aivdq2w8,f22raptor,20,0.9742272436247456,0.9245388485187256,aivdq2w8,0.9681451191166225,0.8975702715578847,0.3950598356405689,0.236795657857247,0.38981203607851267,0.1945706940335924,f22raptor,0.5791674079841767,0.6877431906614786,0.5783330830381098,0.7029995775242923,0.30405955590248024,0.1945706940335924
c14_aivdq4w16,f22raptor,28,0.9701765845226463,0.9243027888446215,aivdq4w16,0.9715315727621245,0.8967834853576572,0.2787400344667982,0.22544763702779713,0.3085833672571415,0.21184005628890168,f22raptor,0.6914365500558481,0.6988551518168243,0.662948205504983,0.6849434290687555,0.25615277376015966,0.21184005628890168
c15_akin2w8,f22raptor,40,0.9735400593613377,0.9255918827508456,akin2w8,0.9679606182330924,0.8963210702341137,0.26852698374593775,0.2172381944264684,0.28982086808677776,0.21256781219762366,f22raptor,0.7050130756153999,0.7083536883243772,0.6781397501463147,0.68375325803649,0.2470384646142019,0.21256781219762366
c16_akin4w16,f22raptor,56,0.9710733023861032,0.9248035914702581,akin4w16,0.9681834029075126,0.8992907801418439,0.2946171915634259,0.2208528474989908,0.3049958981021087,0.217981950020822,f22raptor,0.6764561108226773,0.7039507439712673,0.6631875048054039,0.681308830121022,0.2596119717963369,0.217981950020822
c17_all_aivd2w8,f22raptor,171,0.9804214460542368,0.926775956284153,fmt_all+aivd2w8,0.9668113705021122,0.9044048734770385,0.30658196843652397,0.23825136612021858,0.3148175138777154,0.23137798709369073,f22raptor,0.6738394776177128,0.6885245901639344,0.6519938566243968,0.6730268863833477,0.27275720888203714,0.23137798709369073
c00_kin2,boeing747,12,0.9607150460216043,0.8911371914204775,kin2,0.9566595871586613,0.8774289985052317,0.48795065552461486,0.2523384901217762,0.4367563456199933,0.2021927036092015,boeing747,0.47276439049698943,0.6387987012987013,0.519903241538668,0.6752362948960302,0.34480954871889646,0.2021927036092015
c01_kin4,boeing747,28,0.9642989291792864,0.9012345679012346,kin4,0.9573073947076717,0.8796711509715994,0.45426340955829747,0.23030294055217415,0.4045356662943034,0.1761870887032525,boeing747,0.5100355196209889,0.6709316273490604,0.5527717284133683,0.7034840622683469,0.3163222762770069,0.1761870887032525
c02_kin6,boeing747,44,0.9626582689885762,0.8985985160758451,kin6,0.956438938475523,0.8779571911378145,0.44657341016049545,0.2244231339358611,0.40018985481898006,0.17320941665710232,boeing747,0.5160848588280808,0.674175382139984,0.5562490836565429,0.7047477744807121,0.3110989538931097,0.17320941665710232
c03_all_kin2,boeing747,173,0.9593223852417101,0.8860040567951318,fmt_all+kin2,0.9479008429333475,0.868815592203898,0.41744926594406284,0.20943904876944963,0.41708531849164876,0.2327323231213999,boeing747,0.5418731192976473,0.6765650080256822,0.5308155244416988,0.6360832690824981,0.3191764890816403,0.20943904876944963
c04_all_kin4,boeing747,189,0.9613686001651522,0.8884381338742393,fmt_all+kin4,0.9511224833496419,0.8743979251574657,0.4215005484784151,0.21796505067684946,0.42304414570465176,0.2399851276545395,boeing747,0.5398680516867371,0.6704730831973899,0.5280783376449901,0.6344127975029262,0.32562371812861396,0.21796505067684946
c05_aivd1w3,boeing747,8,0.9564911523914659,0.8816394813885403,aivd1w3,0.9485148774023406,0.8766404199475065,0.46901478697107024,0.2261071223071207,0.41854038456286125,0.18773487272111966,boeing747,0.48747636542039563,0.6555323590814196,0.5299744928394794,0.6889055472263869,0.32534929164054294,0.18773487272111966
c06_aivd2w4,boeing747,10,0.9584471750931096,0.884046052631579,aivd2w4,0.9497188186817982,0.8793167471221686,0.4863837780687026,0.24836140532867446,0.4308588121129615,0.20187255928537107,boeing747,0.472063397024407,0.6356846473029045,0.5188600065688367,0.6774441878367975,0.34186913869892743,0.20187255928537107
c07_aivd2w8,boeing747,10,0.9579376246875426,0.8841237113402062,aivd2w8,0.9511694437494773,0.8811032426388371,0.4858742276631356,0.24843906403730165,0.43230943718064063,0.2036590548020396,boeing747,0.472063397024407,0.6356846473029045,0.5188600065688367,0.6774441878367975,0.34257044592077934,0.2036590548020396
c08_aivd4w8,boeing747,14,0.9586098514526147,0.8851655087862689,aivd4w8,0.9516491325464925,0.8817843866171003,0.4881454934866374,0.24552586914662922,0.4323965089682028,0.20022437147132222,boeing747,0.4704643579659773,0.6396396396396397,0.5192526235782897,0.6815600151457781,0.34157306076819793,0.20022437147132222
c09_aivd4w16,boeing747,14,0.9601559293189779,0.891746163417669,aivd4w16,0.9522252094508757,0.8749530604581299,0.48969157135300057,0.25210652377802933,0.432972585872586,0.1933930453123518,boeing747,0.4704643579659773,0.6396396396396397,0.5192526235782897,0.6815600151457781,0.34204093157899196,0.1933930453123518
c10_aivd6w16,boeing747,18,0.9592800320478503,0.8881412952060556,aivd6w16,0.95212909692242,0.8709187547456341,0.48744771122129826,0.24957702141640614,0.4246293482704646,0.183901753200039,boeing747,0.471832320826552,0.6385642737896494,0.5274997486519554,0.6870170015455951,0.336388958527052,0.183901753200039
c11_aivd6w32,boeing747,18,0.9618874560064522,0.8966925275622704,aivd6w32,0.9544270223135723,0.8772455089820359,0.4900551351799002,0.25812825377262094,0.426927273661617,0.19022850743644082,boeing747,0.471832320826552,0.6385642737896494,0.5274997486519554,0.6870170015455951,0.34133479251264476,0.19022850743644082
c12_aivd2w8log,boeing747,10,0.9579083532975714,0.8837592745259687,aivd2w8log,0.9511744600916837,0.8811032426388371,0.4858449562731644,0.24807462722306417,0.43231445352284703,0.2036590548020396,boeing747,0.472063397024407,0.6356846473029045,0.5188600065688367,0.6774441878367975,0.3424732729552788,0.2036590548020396
c13_aivdq2w8,boeing747,20,0.9640456231988135,0.9015245158632056,aivdq2w8,0.9537953740018302,0.8846726190476191,0.4909405226891305,0.26260059825076343,0.42338608874877937,0.197584600435754,boeing747,0.47310510050968296,0.6389239176124422,0.5304092852530509,0.6870880186118651,0.3436279525311068,0.197584600435754
c14_aivdq4w16,boeing747,28,0.9631652376198211,0.8985626283367556,aivdq4w16,0.9547635433264952,0.8856932153392331,0.45312971799883217,0.22763100098769518,0.40199181491312685,0.18220915307088614,boeing747,0.5100355196209889,0.6709316273490604,0.5527717284133683,0.7034840622683469,0.3162404217426351,0.18220915307088614
c15_akin2w8,boeing747,40,0.9624615183193593,0.8897028897028897,akin2w8,0.9528032202241826,0.8776871756856931,0.44856083024776505,0.22330417587652318,0.39325159933860787,0.17210904491362067,boeing747,0.5139006880715943,0.6663987138263665,0.5595516208855748,0.7055781307720724,0.30930641259412917,0.17210904491362067
c16_akin4w16,boeing747,56,0.9633607658312332,0.893113645965357,akin4w16,0.956035049097497,0.8801512287334594,0.4509938053861675,0.21831689799787735,0.40467208915651953,0.18633524079982444,boeing747,0.5123669604450657,0.6747967479674797,0.5513629599409775,0.693815987933635,0.31507950833509724,0.18633524079982444
c17_all_aivd2w8,boeing747,171,0.9608594355494262,0.8882591093117409,fmt_all+aivd2w8,0.9482192499759616,0.8774674115456238,0.41934756670513584,0.2124082179016923,0.41469727979990334,0.23951630560848758,boeing747,0.5415118688442904,0.6758508914100486,0.5335219701760583,0.6379511059371362,0.32149234250380476,0.2124082179016923
c00_kin2,smokeBuoyancy,12,0.9527568287265552,0.8881118881118881,kin2,0.9365602645955189,0.8084022915340547,0.31378266767151364,0.2464823527840715,0.29098927509636474,0.17635315697235732,smokeBuoyancy,0.6389741610550416,0.6416295353278166,0.6455709894991541,0.6320491345616974,0.25690186313107677,0.17635315697235732
c01_kin4,smokeBuoyancy,28,0.9544344925413042,0.8916494133885439,kin4,0.9318829792595574,0.8179519595448799,0.234922718058575,0.1870423673180832,0.27979903442069853,0.1824178747354327,smokeBuoyancy,0.7195117744827292,0.7046070460704607,0.6520839448388589,0.6355340848094472,0.22104549863319736,0.1824178747354327
c02_kin6,smokeBuoyancy,44,0.9523454292674436,0.8951612903225806,kin6,0.9322471690032559,0.8277571251548946,0.22550042197938114,0.20179112457672432,0.4974746115465271,0.34722021240321677,smokeBuoyancy,0.7268450072880625,0.6933701657458563,0.43477255745672877,0.48053691275167787,0.31799659262646235,0.20179112457672432
c03_all_kin2,smokeBuoyancy,173,0.9351662867362526,0.8711656441717791,fmt_all+kin2,0.9224354626228618,0.7969735182849937,0.2138797526715136,0.18270410571024065,0.4492988913819385,0.27424624555772104,smokeBuoyancy,0.721286534064739,0.6884615384615385,0.4731365712409233,0.5227272727272727,0.28003224883035344,0.18270410571024065
c04_all_kin4,smokeBuoyancy,189,0.9422167925687758,0.8783140720598233,fmt_all+kin4,0.9246335068463747,0.8037735849056604,0.21905770006678527,0.18540068623305161,0.4668521971714497,0.3004623266275147,smokeBuoyancy,0.7231590925019905,0.6929133858267716,0.457781309674925,0.5033112582781457,0.2929432275247003,0.18540068623305161
c05_aivd1w3,smokeBuoyancy,8,0.9690534069962753,0.9114093959731544,aivd1w3,0.9428417299065065,0.8081580624601657,0.3211936017051077,0.28306714998384963,0.29223486370839713,0.18540357144220165,smokeBuoyancy,0.6478598052911676,0.6283422459893048,0.6506068661981094,0.6227544910179641,0.27047479670988905,0.18540357144220165
c06_aivd2w4,smokeBuoyancy,10,0.9667052841348099,0.9076517150395779,aivd2w4,0.943550947338926,0.8095838587641866,0.3052205829135215,0.27627663434235383,0.2889861894332514,0.18653811469933423,smokeBuoyancy,0.6614847012212884,0.631375080697224,0.6545647579056746,0.6230457440648524,0.26425538034711527,0.18653811469933423
c07_aivd2w8,smokeBuoyancy,10,0.9616558555736354,0.898921832884097,aivd2w8,0.9392936746260826,0.8128950695322377,0.300171154352347,0.26754675218687296,0.284728916720408,0.1898493254673853,smokeBuoyancy,0.6614847012212884,0.631375080697224,0.6545647579056746,0.6230457440648524,0.2605740371817533,0.1898493254673853
c08_aivd4w8,smokeBuoyancy,14,0.9604165533656617,0.8990578734858681,aivd4w8,0.938724289542267,0.8146279949558638,0.31007643431447873,0.2632683998016575,0.3694767212943042,0.24256344292470078,smokeBuoyancy,0.6503401190511829,0.6357894736842106,0.5692475682479629,0.572064552031163,0.2963462495837853,0.24256344292470078
c09_aivd4w16,smokeBuoyancy,14,0.9592154018730317,0.9044502617801047,aivd4w16,0.9349061387859897,0.8268638324091189,0.30887528282184873,0.2686607880958941,0.36565857053802686,0.25479928037795585,smokeBuoyancy,0.6503401190511829,0.6357894736842106,0.5692475682479629,0.572064552031163,0.2994984804584314,0.25479928037795585
c10_aivd6w16,smokeBuoyancy,18,0.9599915340112127,0.9051667756703728,aivd6w16,0.9337774430896219,0.8225905463474524,0.3082962687081635,0.27071299415776784,0.36499493658421744,0.2505333406268804,smokeBuoyancy,0.6516952653030492,0.634453781512605,0.5687825065054044,0.5720572057205721,0.2986343850192573,0.2505333406268804
c11_aivd6w32,smokeBuoyancy,18,0.9678489696823263,0.9103169251517195,aivd6w32,0.9402344654939795,0.8185812931575643,0.31615370437927703,0.27586314363911446,0.3714519589885751,0.24652408743699228,smokeBuoyancy,0.6516952653030492,0.634453781512605,0.5687825065054044,0.5720572057205721,0.3024982236109897,0.24652408743699228
c12_aivd2w8log,smokeBuoyancy,10,0.9599598665971824,0.8975217682518419,aivd2w8log,0.9383271862630898,0.8130899937067338,0.2984751653758939,0.2661466875546179,0.28376242835741516,0.1900442496418815,smokeBuoyancy,0.6614847012212884,0.631375080697224,0.6545647579056746,0.6230457440648524,0.2596071327324521,0.1900442496418815
c13_aivdq2w8,smokeBuoyancy,20,0.9612063175627389,0.9065550906555091,aivdq2w8,0.9405537241953092,0.7874427730542839,0.30834598404766134,0.26825721831508353,0.37272168471383993,0.3021741422050638,smokeBuoyancy,0.6528603335150776,0.6382978723404256,0.5678320394814693,0.4852686308492201,0.31287475732041214,0.26825721831508353
c14_aivdq4w16,smokeBuoyancy,28,0.9541239407846057,0.9025710419485792,aivdq4w16,0.9345910016131761,0.812773951158422,0.23461216630187653,0.19796399587811853,0.2825070567743172,0.17723986634897482,smokeBuoyancy,0.7195117744827292,0.7046070460704607,0.6520839448388589,0.6355340848094472,0.22308077132582177,0.17723986634897482
c15_akin2w8,smokeBuoyancy,40,0.9672730220275907,0.9169960474308301,akin2w8,0.9381313430114367,0.8166047087980174,0.2518775262977354,0.22819936693290477,0.5056228085574042,0.3388934646197073,smokeBuoyancy,0.7153954957298553,0.6887966804979253,0.4325085344540326,0.47771124417831007,0.3311482916019379,0.22819936693290477
c16_akin4w16,smokeBuoyancy,56,0.9656718580917792,0.9176155391828533,akin4w16,0.9362938449708021,0.8248447204968944,0.23736416351489864,0.22924988821332426,0.4906500325321018,0.33354619305378863,smokeBuoyancy,0.7283076945768806,0.6883656509695291,0.4456438124387003,0.49129852744310576,0.32270256932852837,0.22924988821332426
c17_all_aivd2w8,smokeBuoyancy,171,0.9496825878667993,0.8829300196206671,fmt_all+aivd2w8,0.9317608081697194,0.8194701170671596,0.22812748730745758,0.19507242267216107,0.45223556211291494,0.2882616177311702,smokeBuoyancy,0.7215551005593417,0.687857596948506,0.47952524605680447,0.5312084993359893,0.29092427245592595,0.19507242267216107
