pool,profile,architecture,points,sampling,augmentation,id,parameters,center_policy,neighbors,encoder_dimensions,standard_convolution,graph_message_passing,current_status
p13,h0,original,32,uniform,none,c000,73026,every_valid_line,fps6,112,False,False,historical_multicenter_not_singlecenter
p13,h0,original,32,uniform,jitter,c001,73026,every_valid_line,fps6,112,False,False,historical_multicenter_not_singlecenter
p13,h0,original,32,uniform,rotate15,c002,73026,every_valid_line,fps6,112,False,False,historical_multicenter_not_singlecenter
p13,h0,original,32,uniform,rotate_so3,c003,73026,every_valid_line,fps6,112,False,False,historical_multicenter_not_singlecenter
p13,h0,original,32,uniform,jitter_rotate15,c004,73026,every_valid_line,fps6,112,False,False,historical_multicenter_not_singlecenter
p13,h0,original,32,uniform,jitter_rotate_so3,c005,73026,every_valid_line,fps6,112,False,False,historical_multicenter_not_singlecenter
p13,h0,original,32,curvature,none,c006,73026,every_valid_line,fps6,112,False,False,historical_multicenter_not_singlecenter
p13,h0,original,32,curvature,jitter,c007,73026,every_valid_line,fps6,112,False,False,historical_multicenter_not_singlecenter
p13,h0,original,32,curvature,rotate15,c008,73026,every_valid_line,fps6,112,False,False,historical_multicenter_not_singlecenter
p13,h0,original,32,curvature,rotate_so3,c009,73026,every_valid_line,fps6,112,False,False,historical_multicenter_not_singlecenter
p13,h0,original,32,curvature,jitter_rotate15,c010,73026,every_valid_line,fps6,112,False,False,historical_multicenter_not_singlecenter
p13,h0,original,32,curvature,jitter_rotate_so3,c011,73026,every_valid_line,fps6,112,False,False,historical_multicenter_not_singlecenter
p13,h0,original,48,uniform,none,c012,73026,every_valid_line,fps6,112,False,False,historical_multicenter_not_singlecenter
p13,h0,original,48,uniform,jitter,c013,73026,every_valid_line,fps6,112,False,False,historical_multicenter_not_singlecenter
p13,h0,original,48,uniform,rotate15,c014,73026,every_valid_line,fps6,112,False,False,historical_multicenter_not_singlecenter
p13,h0,original,48,uniform,rotate_so3,c015,73026,every_valid_line,fps6,112,False,False,historical_multicenter_not_singlecenter
p13,h0,original,48,uniform,jitter_rotate15,c016,73026,every_valid_line,fps6,112,False,False,historical_multicenter_not_singlecenter
p13,h0,original,48,uniform,jitter_rotate_so3,c017,73026,every_valid_line,fps6,112,False,False,historical_multicenter_not_singlecenter
p13,h0,original,48,curvature,none,c018,73026,every_valid_line,fps6,112,False,False,historical_multicenter_not_singlecenter
p13,h0,original,48,curvature,jitter,c019,73026,every_valid_line,fps6,112,False,False,historical_multicenter_not_singlecenter
p13,h0,original,48,curvature,rotate15,c020,73026,every_valid_line,fps6,112,False,False,historical_multicenter_not_singlecenter
p13,h0,original,48,curvature,rotate_so3,c021,73026,every_valid_line,fps6,112,False,False,historical_multicenter_not_singlecenter
p13,h0,original,48,curvature,jitter_rotate15,c022,73026,every_valid_line,fps6,112,False,False,historical_multicenter_not_singlecenter
p13,h0,original,48,curvature,jitter_rotate_so3,c023,73026,every_valid_line,fps6,112,False,False,historical_multicenter_not_singlecenter
p10,h0,original,32,uniform,none,c024,71490,every_valid_line,fps6,100,False,False,historical_multicenter_not_singlecenter
p10,h0,original,32,uniform,jitter,c025,71490,every_valid_line,fps6,100,False,False,historical_multicenter_not_singlecenter
p10,h0,original,32,uniform,rotate15,c026,71490,every_valid_line,fps6,100,False,False,historical_multicenter_not_singlecenter
p10,h0,original,32,uniform,rotate_so3,c027,71490,every_valid_line,fps6,100,False,False,historical_multicenter_not_singlecenter
p10,h0,original,32,uniform,jitter_rotate15,c028,71490,every_valid_line,fps6,100,False,False,historical_multicenter_not_singlecenter
p10,h0,original,32,uniform,jitter_rotate_so3,c029,71490,every_valid_line,fps6,100,False,False,historical_multicenter_not_singlecenter
p10,h0,original,32,curvature,none,c030,71490,every_valid_line,fps6,100,False,False,historical_multicenter_not_singlecenter
p10,h0,original,32,curvature,jitter,c031,71490,every_valid_line,fps6,100,False,False,historical_multicenter_not_singlecenter
p10,h0,original,32,curvature,rotate15,c032,71490,every_valid_line,fps6,100,False,False,historical_multicenter_not_singlecenter
p10,h0,original,32,curvature,rotate_so3,c033,71490,every_valid_line,fps6,100,False,False,historical_multicenter_not_singlecenter
p10,h0,original,32,curvature,jitter_rotate15,c034,71490,every_valid_line,fps6,100,False,False,historical_multicenter_not_singlecenter
p10,h0,original,32,curvature,jitter_rotate_so3,c035,71490,every_valid_line,fps6,100,False,False,historical_multicenter_not_singlecenter
p10,h0,original,48,uniform,none,c036,71490,every_valid_line,fps6,100,False,False,historical_multicenter_not_singlecenter
p10,h0,original,48,uniform,jitter,c037,71490,every_valid_line,fps6,100,False,False,historical_multicenter_not_singlecenter
p10,h0,original,48,uniform,rotate15,c038,71490,every_valid_line,fps6,100,False,False,historical_multicenter_not_singlecenter
p10,h0,original,48,uniform,rotate_so3,c039,71490,every_valid_line,fps6,100,False,False,historical_multicenter_not_singlecenter
p10,h0,original,48,uniform,jitter_rotate15,c040,71490,every_valid_line,fps6,100,False,False,historical_multicenter_not_singlecenter
p10,h0,original,48,uniform,jitter_rotate_so3,c041,71490,every_valid_line,fps6,100,False,False,historical_multicenter_not_singlecenter
p10,h0,original,48,curvature,none,c042,71490,every_valid_line,fps6,100,False,False,historical_multicenter_not_singlecenter
p10,h0,original,48,curvature,jitter,c043,71490,every_valid_line,fps6,100,False,False,historical_multicenter_not_singlecenter
p10,h0,original,48,curvature,rotate15,c044,71490,every_valid_line,fps6,100,False,False,historical_multicenter_not_singlecenter
p10,h0,original,48,curvature,rotate_so3,c045,71490,every_valid_line,fps6,100,False,False,historical_multicenter_not_singlecenter
p10,h0,original,48,curvature,jitter_rotate15,c046,71490,every_valid_line,fps6,100,False,False,historical_multicenter_not_singlecenter
p10,h0,original,48,curvature,jitter_rotate_so3,c047,71490,every_valid_line,fps6,100,False,False,historical_multicenter_not_singlecenter
p14,h0,original,32,uniform,none,c048,74050,every_valid_line,fps6,120,False,False,historical_multicenter_not_singlecenter
p14,h0,original,32,uniform,jitter,c049,74050,every_valid_line,fps6,120,False,False,historical_multicenter_not_singlecenter
p14,h0,original,32,uniform,rotate15,c050,74050,every_valid_line,fps6,120,False,False,historical_multicenter_not_singlecenter
p14,h0,original,32,uniform,rotate_so3,c051,74050,every_valid_line,fps6,120,False,False,historical_multicenter_not_singlecenter
p14,h0,original,32,uniform,jitter_rotate15,c052,74050,every_valid_line,fps6,120,False,False,historical_multicenter_not_singlecenter
p14,h0,original,32,uniform,jitter_rotate_so3,c053,74050,every_valid_line,fps6,120,False,False,historical_multicenter_not_singlecenter
p14,h0,original,32,curvature,none,c054,74050,every_valid_line,fps6,120,False,False,historical_multicenter_not_singlecenter
p14,h0,original,32,curvature,jitter,c055,74050,every_valid_line,fps6,120,False,False,historical_multicenter_not_singlecenter
p14,h0,original,32,curvature,rotate15,c056,74050,every_valid_line,fps6,120,False,False,historical_multicenter_not_singlecenter
p14,h0,original,32,curvature,rotate_so3,c057,74050,every_valid_line,fps6,120,False,False,historical_multicenter_not_singlecenter
p14,h0,original,32,curvature,jitter_rotate15,c058,74050,every_valid_line,fps6,120,False,False,historical_multicenter_not_singlecenter
p14,h0,original,32,curvature,jitter_rotate_so3,c059,74050,every_valid_line,fps6,120,False,False,historical_multicenter_not_singlecenter
p14,h0,original,48,uniform,none,c060,74050,every_valid_line,fps6,120,False,False,historical_multicenter_not_singlecenter
p14,h0,original,48,uniform,jitter,c061,74050,every_valid_line,fps6,120,False,False,historical_multicenter_not_singlecenter
p14,h0,original,48,uniform,rotate15,c062,74050,every_valid_line,fps6,120,False,False,historical_multicenter_not_singlecenter
p14,h0,original,48,uniform,rotate_so3,c063,74050,every_valid_line,fps6,120,False,False,historical_multicenter_not_singlecenter
p14,h0,original,48,uniform,jitter_rotate15,c064,74050,every_valid_line,fps6,120,False,False,historical_multicenter_not_singlecenter
p14,h0,original,48,uniform,jitter_rotate_so3,c065,74050,every_valid_line,fps6,120,False,False,historical_multicenter_not_singlecenter
p14,h0,original,48,curvature,none,c066,74050,every_valid_line,fps6,120,False,False,historical_multicenter_not_singlecenter
p14,h0,original,48,curvature,jitter,c067,74050,every_valid_line,fps6,120,False,False,historical_multicenter_not_singlecenter
p14,h0,original,48,curvature,rotate15,c068,74050,every_valid_line,fps6,120,False,False,historical_multicenter_not_singlecenter
p14,h0,original,48,curvature,rotate_so3,c069,74050,every_valid_line,fps6,120,False,False,historical_multicenter_not_singlecenter
p14,h0,original,48,curvature,jitter_rotate15,c070,74050,every_valid_line,fps6,120,False,False,historical_multicenter_not_singlecenter
p14,h0,original,48,curvature,jitter_rotate_so3,c071,74050,every_valid_line,fps6,120,False,False,historical_multicenter_not_singlecenter
p17,h0,original,32,uniform,none,c072,79170,every_valid_line,fps6,160,False,False,historical_multicenter_not_singlecenter
p17,h0,original,32,uniform,jitter,c073,79170,every_valid_line,fps6,160,False,False,historical_multicenter_not_singlecenter
p17,h0,original,32,uniform,rotate15,c074,79170,every_valid_line,fps6,160,False,False,historical_multicenter_not_singlecenter
p17,h0,original,32,uniform,rotate_so3,c075,79170,every_valid_line,fps6,160,False,False,historical_multicenter_not_singlecenter
p17,h0,original,32,uniform,jitter_rotate15,c076,79170,every_valid_line,fps6,160,False,False,historical_multicenter_not_singlecenter
p17,h0,original,32,uniform,jitter_rotate_so3,c077,79170,every_valid_line,fps6,160,False,False,historical_multicenter_not_singlecenter
p17,h0,original,32,curvature,none,c078,79170,every_valid_line,fps6,160,False,False,historical_multicenter_not_singlecenter
p17,h0,original,32,curvature,jitter,c079,79170,every_valid_line,fps6,160,False,False,historical_multicenter_not_singlecenter
p17,h0,original,32,curvature,rotate15,c080,79170,every_valid_line,fps6,160,False,False,historical_multicenter_not_singlecenter
p17,h0,original,32,curvature,rotate_so3,c081,79170,every_valid_line,fps6,160,False,False,historical_multicenter_not_singlecenter
p17,h0,original,32,curvature,jitter_rotate15,c082,79170,every_valid_line,fps6,160,False,False,historical_multicenter_not_singlecenter
p17,h0,original,32,curvature,jitter_rotate_so3,c083,79170,every_valid_line,fps6,160,False,False,historical_multicenter_not_singlecenter
p17,h0,original,48,uniform,none,c084,79170,every_valid_line,fps6,160,False,False,historical_multicenter_not_singlecenter
p17,h0,original,48,uniform,jitter,c085,79170,every_valid_line,fps6,160,False,False,historical_multicenter_not_singlecenter
p17,h0,original,48,uniform,rotate15,c086,79170,every_valid_line,fps6,160,False,False,historical_multicenter_not_singlecenter
p17,h0,original,48,uniform,rotate_so3,c087,79170,every_valid_line,fps6,160,False,False,historical_multicenter_not_singlecenter
p17,h0,original,48,uniform,jitter_rotate15,c088,79170,every_valid_line,fps6,160,False,False,historical_multicenter_not_singlecenter
p17,h0,original,48,uniform,jitter_rotate_so3,c089,79170,every_valid_line,fps6,160,False,False,historical_multicenter_not_singlecenter
p17,h0,original,48,curvature,none,c090,79170,every_valid_line,fps6,160,False,False,historical_multicenter_not_singlecenter
p17,h0,original,48,curvature,jitter,c091,79170,every_valid_line,fps6,160,False,False,historical_multicenter_not_singlecenter
p17,h0,original,48,curvature,rotate15,c092,79170,every_valid_line,fps6,160,False,False,historical_multicenter_not_singlecenter
p17,h0,original,48,curvature,rotate_so3,c093,79170,every_valid_line,fps6,160,False,False,historical_multicenter_not_singlecenter
p17,h0,original,48,curvature,jitter_rotate15,c094,79170,every_valid_line,fps6,160,False,False,historical_multicenter_not_singlecenter
p17,h0,original,48,curvature,jitter_rotate_so3,c095,79170,every_valid_line,fps6,160,False,False,historical_multicenter_not_singlecenter
p21,h0,original,32,uniform,none,c096,88514,every_valid_line,fps6,233,False,False,historical_multicenter_not_singlecenter
p21,h0,original,32,uniform,jitter,c097,88514,every_valid_line,fps6,233,False,False,historical_multicenter_not_singlecenter
p21,h0,original,32,uniform,rotate15,c098,88514,every_valid_line,fps6,233,False,False,historical_multicenter_not_singlecenter
p21,h0,original,32,uniform,rotate_so3,c099,88514,every_valid_line,fps6,233,False,False,historical_multicenter_not_singlecenter
p21,h0,original,32,uniform,jitter_rotate15,c100,88514,every_valid_line,fps6,233,False,False,historical_multicenter_not_singlecenter
p21,h0,original,32,uniform,jitter_rotate_so3,c101,88514,every_valid_line,fps6,233,False,False,historical_multicenter_not_singlecenter
p21,h0,original,32,curvature,none,c102,88514,every_valid_line,fps6,233,False,False,historical_multicenter_not_singlecenter
p21,h0,original,32,curvature,jitter,c103,88514,every_valid_line,fps6,233,False,False,historical_multicenter_not_singlecenter
p21,h0,original,32,curvature,rotate15,c104,88514,every_valid_line,fps6,233,False,False,historical_multicenter_not_singlecenter
p21,h0,original,32,curvature,rotate_so3,c105,88514,every_valid_line,fps6,233,False,False,historical_multicenter_not_singlecenter
p21,h0,original,32,curvature,jitter_rotate15,c106,88514,every_valid_line,fps6,233,False,False,historical_multicenter_not_singlecenter
p21,h0,original,32,curvature,jitter_rotate_so3,c107,88514,every_valid_line,fps6,233,False,False,historical_multicenter_not_singlecenter
p21,h0,original,48,uniform,none,c108,88514,every_valid_line,fps6,233,False,False,historical_multicenter_not_singlecenter
p21,h0,original,48,uniform,jitter,c109,88514,every_valid_line,fps6,233,False,False,historical_multicenter_not_singlecenter
p21,h0,original,48,uniform,rotate15,c110,88514,every_valid_line,fps6,233,False,False,historical_multicenter_not_singlecenter
p21,h0,original,48,uniform,rotate_so3,c111,88514,every_valid_line,fps6,233,False,False,historical_multicenter_not_singlecenter
p21,h0,original,48,uniform,jitter_rotate15,c112,88514,every_valid_line,fps6,233,False,False,historical_multicenter_not_singlecenter
p21,h0,original,48,uniform,jitter_rotate_so3,c113,88514,every_valid_line,fps6,233,False,False,historical_multicenter_not_singlecenter
p21,h0,original,48,curvature,none,c114,88514,every_valid_line,fps6,233,False,False,historical_multicenter_not_singlecenter
p21,h0,original,48,curvature,jitter,c115,88514,every_valid_line,fps6,233,False,False,historical_multicenter_not_singlecenter
p21,h0,original,48,curvature,rotate15,c116,88514,every_valid_line,fps6,233,False,False,historical_multicenter_not_singlecenter
p21,h0,original,48,curvature,rotate_so3,c117,88514,every_valid_line,fps6,233,False,False,historical_multicenter_not_singlecenter
p21,h0,original,48,curvature,jitter_rotate15,c118,88514,every_valid_line,fps6,233,False,False,historical_multicenter_not_singlecenter
p21,h0,original,48,curvature,jitter_rotate_so3,c119,88514,every_valid_line,fps6,233,False,False,historical_multicenter_not_singlecenter
p35,h0,original,32,uniform,none,c120,76738,every_valid_line,fps6,141,False,False,historical_multicenter_not_singlecenter
p35,h0,original,32,uniform,jitter,c121,76738,every_valid_line,fps6,141,False,False,historical_multicenter_not_singlecenter
p35,h0,original,32,uniform,rotate15,c122,76738,every_valid_line,fps6,141,False,False,historical_multicenter_not_singlecenter
p35,h0,original,32,uniform,rotate_so3,c123,76738,every_valid_line,fps6,141,False,False,historical_multicenter_not_singlecenter
p35,h0,original,32,uniform,jitter_rotate15,c124,76738,every_valid_line,fps6,141,False,False,historical_multicenter_not_singlecenter
p35,h0,original,32,uniform,jitter_rotate_so3,c125,76738,every_valid_line,fps6,141,False,False,historical_multicenter_not_singlecenter
p35,h0,original,32,curvature,none,c126,76738,every_valid_line,fps6,141,False,False,historical_multicenter_not_singlecenter
p35,h0,original,32,curvature,jitter,c127,76738,every_valid_line,fps6,141,False,False,historical_multicenter_not_singlecenter
p35,h0,original,32,curvature,rotate15,c128,76738,every_valid_line,fps6,141,False,False,historical_multicenter_not_singlecenter
p35,h0,original,32,curvature,rotate_so3,c129,76738,every_valid_line,fps6,141,False,False,historical_multicenter_not_singlecenter
p35,h0,original,32,curvature,jitter_rotate15,c130,76738,every_valid_line,fps6,141,False,False,historical_multicenter_not_singlecenter
p35,h0,original,32,curvature,jitter_rotate_so3,c131,76738,every_valid_line,fps6,141,False,False,historical_multicenter_not_singlecenter
p35,h0,original,48,uniform,none,c132,76738,every_valid_line,fps6,141,False,False,historical_multicenter_not_singlecenter
p35,h0,original,48,uniform,jitter,c133,76738,every_valid_line,fps6,141,False,False,historical_multicenter_not_singlecenter
p35,h0,original,48,uniform,rotate15,c134,76738,every_valid_line,fps6,141,False,False,historical_multicenter_not_singlecenter
p35,h0,original,48,uniform,rotate_so3,c135,76738,every_valid_line,fps6,141,False,False,historical_multicenter_not_singlecenter
p35,h0,original,48,uniform,jitter_rotate15,c136,76738,every_valid_line,fps6,141,False,False,historical_multicenter_not_singlecenter
p35,h0,original,48,uniform,jitter_rotate_so3,c137,76738,every_valid_line,fps6,141,False,False,historical_multicenter_not_singlecenter
p35,h0,original,48,curvature,none,c138,76738,every_valid_line,fps6,141,False,False,historical_multicenter_not_singlecenter
p35,h0,original,48,curvature,jitter,c139,76738,every_valid_line,fps6,141,False,False,historical_multicenter_not_singlecenter
p35,h0,original,48,curvature,rotate15,c140,76738,every_valid_line,fps6,141,False,False,historical_multicenter_not_singlecenter
p35,h0,original,48,curvature,rotate_so3,c141,76738,every_valid_line,fps6,141,False,False,historical_multicenter_not_singlecenter
p35,h0,original,48,curvature,jitter_rotate15,c142,76738,every_valid_line,fps6,141,False,False,historical_multicenter_not_singlecenter
p35,h0,original,48,curvature,jitter_rotate_so3,c143,76738,every_valid_line,fps6,141,False,False,historical_multicenter_not_singlecenter
p35,h0,wide_residual,32,uniform,none,c144,992386,every_valid_line,fps6,141,False,False,historical_multicenter_not_singlecenter
p35,h0,wide_residual,32,uniform,jitter,c145,992386,every_valid_line,fps6,141,False,False,historical_multicenter_not_singlecenter
p35,h0,wide_residual,32,uniform,rotate15,c146,992386,every_valid_line,fps6,141,False,False,historical_multicenter_not_singlecenter
p35,h0,wide_residual,32,uniform,rotate_so3,c147,992386,every_valid_line,fps6,141,False,False,historical_multicenter_not_singlecenter
p35,h0,wide_residual,32,uniform,jitter_rotate15,c148,992386,every_valid_line,fps6,141,False,False,historical_multicenter_not_singlecenter
p35,h0,wide_residual,32,uniform,jitter_rotate_so3,c149,992386,every_valid_line,fps6,141,False,False,historical_multicenter_not_singlecenter
p35,h0,wide_residual,32,curvature,none,c150,992386,every_valid_line,fps6,141,False,False,historical_multicenter_not_singlecenter
p35,h0,wide_residual,32,curvature,jitter,c151,992386,every_valid_line,fps6,141,False,False,historical_multicenter_not_singlecenter
p35,h0,wide_residual,32,curvature,rotate15,c152,992386,every_valid_line,fps6,141,False,False,historical_multicenter_not_singlecenter
p35,h0,wide_residual,32,curvature,rotate_so3,c153,992386,every_valid_line,fps6,141,False,False,historical_multicenter_not_singlecenter
p35,h0,wide_residual,32,curvature,jitter_rotate15,c154,992386,every_valid_line,fps6,141,False,False,historical_multicenter_not_singlecenter
p35,h0,wide_residual,32,curvature,jitter_rotate_so3,c155,992386,every_valid_line,fps6,141,False,False,historical_multicenter_not_singlecenter
p35,h0,wide_residual,48,uniform,none,c156,992386,every_valid_line,fps6,141,False,False,historical_multicenter_not_singlecenter
p35,h0,wide_residual,48,uniform,jitter,c157,992386,every_valid_line,fps6,141,False,False,historical_multicenter_not_singlecenter
p35,h0,wide_residual,48,uniform,rotate15,c158,992386,every_valid_line,fps6,141,False,False,historical_multicenter_not_singlecenter
p35,h0,wide_residual,48,uniform,rotate_so3,c159,992386,every_valid_line,fps6,141,False,False,historical_multicenter_not_singlecenter
p35,h0,wide_residual,48,uniform,jitter_rotate15,c160,992386,every_valid_line,fps6,141,False,False,historical_multicenter_not_singlecenter
p35,h0,wide_residual,48,uniform,jitter_rotate_so3,c161,992386,every_valid_line,fps6,141,False,False,historical_multicenter_not_singlecenter
p35,h0,wide_residual,48,curvature,none,c162,992386,every_valid_line,fps6,141,False,False,historical_multicenter_not_singlecenter
p35,h0,wide_residual,48,curvature,jitter,c163,992386,every_valid_line,fps6,141,False,False,historical_multicenter_not_singlecenter
p35,h0,wide_residual,48,curvature,rotate15,c164,992386,every_valid_line,fps6,141,False,False,historical_multicenter_not_singlecenter
p35,h0,wide_residual,48,curvature,rotate_so3,c165,992386,every_valid_line,fps6,141,False,False,historical_multicenter_not_singlecenter
p35,h0,wide_residual,48,curvature,jitter_rotate15,c166,992386,every_valid_line,fps6,141,False,False,historical_multicenter_not_singlecenter
p35,h0,wide_residual,48,curvature,jitter_rotate_so3,c167,992386,every_valid_line,fps6,141,False,False,historical_multicenter_not_singlecenter
p35,h0,attention_pool,32,uniform,none,c168,517766,every_valid_line,fps6,141,False,False,historical_multicenter_not_singlecenter
p35,h0,attention_pool,32,uniform,jitter,c169,517766,every_valid_line,fps6,141,False,False,historical_multicenter_not_singlecenter
p35,h0,attention_pool,32,uniform,rotate15,c170,517766,every_valid_line,fps6,141,False,False,historical_multicenter_not_singlecenter
p35,h0,attention_pool,32,uniform,rotate_so3,c171,517766,every_valid_line,fps6,141,False,False,historical_multicenter_not_singlecenter
p35,h0,attention_pool,32,uniform,jitter_rotate15,c172,517766,every_valid_line,fps6,141,False,False,historical_multicenter_not_singlecenter
p35,h0,attention_pool,32,uniform,jitter_rotate_so3,c173,517766,every_valid_line,fps6,141,False,False,historical_multicenter_not_singlecenter
p35,h0,attention_pool,32,curvature,none,c174,517766,every_valid_line,fps6,141,False,False,historical_multicenter_not_singlecenter
p35,h0,attention_pool,32,curvature,jitter,c175,517766,every_valid_line,fps6,141,False,False,historical_multicenter_not_singlecenter
p35,h0,attention_pool,32,curvature,rotate15,c176,517766,every_valid_line,fps6,141,False,False,historical_multicenter_not_singlecenter
p35,h0,attention_pool,32,curvature,rotate_so3,c177,517766,every_valid_line,fps6,141,False,False,historical_multicenter_not_singlecenter
p35,h0,attention_pool,32,curvature,jitter_rotate15,c178,517766,every_valid_line,fps6,141,False,False,historical_multicenter_not_singlecenter
p35,h0,attention_pool,32,curvature,jitter_rotate_so3,c179,517766,every_valid_line,fps6,141,False,False,historical_multicenter_not_singlecenter
p35,h0,attention_pool,48,uniform,none,c180,517766,every_valid_line,fps6,141,False,False,historical_multicenter_not_singlecenter
p35,h0,attention_pool,48,uniform,jitter,c181,517766,every_valid_line,fps6,141,False,False,historical_multicenter_not_singlecenter
p35,h0,attention_pool,48,uniform,rotate15,c182,517766,every_valid_line,fps6,141,False,False,historical_multicenter_not_singlecenter
p35,h0,attention_pool,48,uniform,rotate_so3,c183,517766,every_valid_line,fps6,141,False,False,historical_multicenter_not_singlecenter
p35,h0,attention_pool,48,uniform,jitter_rotate15,c184,517766,every_valid_line,fps6,141,False,False,historical_multicenter_not_singlecenter
p35,h0,attention_pool,48,uniform,jitter_rotate_so3,c185,517766,every_valid_line,fps6,141,False,False,historical_multicenter_not_singlecenter
p35,h0,attention_pool,48,curvature,none,c186,517766,every_valid_line,fps6,141,False,False,historical_multicenter_not_singlecenter
p35,h0,attention_pool,48,curvature,jitter,c187,517766,every_valid_line,fps6,141,False,False,historical_multicenter_not_singlecenter
p35,h0,attention_pool,48,curvature,rotate15,c188,517766,every_valid_line,fps6,141,False,False,historical_multicenter_not_singlecenter
p35,h0,attention_pool,48,curvature,rotate_so3,c189,517766,every_valid_line,fps6,141,False,False,historical_multicenter_not_singlecenter
p35,h0,attention_pool,48,curvature,jitter_rotate15,c190,517766,every_valid_line,fps6,141,False,False,historical_multicenter_not_singlecenter
p35,h0,attention_pool,48,curvature,jitter_rotate_so3,c191,517766,every_valid_line,fps6,141,False,False,historical_multicenter_not_singlecenter
p35,h0,set_attention,32,uniform,none,c192,902594,every_valid_line,fps6,141,False,False,historical_multicenter_not_singlecenter
p35,h0,set_attention,32,uniform,jitter,c193,902594,every_valid_line,fps6,141,False,False,historical_multicenter_not_singlecenter
p35,h0,set_attention,32,uniform,rotate15,c194,902594,every_valid_line,fps6,141,False,False,historical_multicenter_not_singlecenter
p35,h0,set_attention,32,uniform,rotate_so3,c195,902594,every_valid_line,fps6,141,False,False,historical_multicenter_not_singlecenter
p35,h0,set_attention,32,uniform,jitter_rotate15,c196,902594,every_valid_line,fps6,141,False,False,historical_multicenter_not_singlecenter
p35,h0,set_attention,32,uniform,jitter_rotate_so3,c197,902594,every_valid_line,fps6,141,False,False,historical_multicenter_not_singlecenter
p35,h0,set_attention,32,curvature,none,c198,902594,every_valid_line,fps6,141,False,False,historical_multicenter_not_singlecenter
p35,h0,set_attention,32,curvature,jitter,c199,902594,every_valid_line,fps6,141,False,False,historical_multicenter_not_singlecenter
p35,h0,set_attention,32,curvature,rotate15,c200,902594,every_valid_line,fps6,141,False,False,historical_multicenter_not_singlecenter
p35,h0,set_attention,32,curvature,rotate_so3,c201,902594,every_valid_line,fps6,141,False,False,historical_multicenter_not_singlecenter
p35,h0,set_attention,32,curvature,jitter_rotate15,c202,902594,every_valid_line,fps6,141,False,False,historical_multicenter_not_singlecenter
p35,h0,set_attention,32,curvature,jitter_rotate_so3,c203,902594,every_valid_line,fps6,141,False,False,historical_multicenter_not_singlecenter
p35,h0,set_attention,48,uniform,none,c204,902594,every_valid_line,fps6,141,False,False,historical_multicenter_not_singlecenter
p35,h0,set_attention,48,uniform,jitter,c205,902594,every_valid_line,fps6,141,False,False,historical_multicenter_not_singlecenter
p35,h0,set_attention,48,uniform,rotate15,c206,902594,every_valid_line,fps6,141,False,False,historical_multicenter_not_singlecenter
p35,h0,set_attention,48,uniform,rotate_so3,c207,902594,every_valid_line,fps6,141,False,False,historical_multicenter_not_singlecenter
p35,h0,set_attention,48,uniform,jitter_rotate15,c208,902594,every_valid_line,fps6,141,False,False,historical_multicenter_not_singlecenter
p35,h0,set_attention,48,uniform,jitter_rotate_so3,c209,902594,every_valid_line,fps6,141,False,False,historical_multicenter_not_singlecenter
p35,h0,set_attention,48,curvature,none,c210,902594,every_valid_line,fps6,141,False,False,historical_multicenter_not_singlecenter
p35,h0,set_attention,48,curvature,jitter,c211,902594,every_valid_line,fps6,141,False,False,historical_multicenter_not_singlecenter
p35,h0,set_attention,48,curvature,rotate15,c212,902594,every_valid_line,fps6,141,False,False,historical_multicenter_not_singlecenter
p35,h0,set_attention,48,curvature,rotate_so3,c213,902594,every_valid_line,fps6,141,False,False,historical_multicenter_not_singlecenter
p35,h0,set_attention,48,curvature,jitter_rotate15,c214,902594,every_valid_line,fps6,141,False,False,historical_multicenter_not_singlecenter
p35,h0,set_attention,48,curvature,jitter_rotate_so3,c215,902594,every_valid_line,fps6,141,False,False,historical_multicenter_not_singlecenter
p35,h0,fps_graph,32,uniform,none,c216,217986,every_valid_line,fps6,141,False,True,retired_graph_convolution
p35,h0,fps_graph,32,uniform,jitter,c217,217986,every_valid_line,fps6,141,False,True,retired_graph_convolution
p35,h0,fps_graph,32,uniform,rotate15,c218,217986,every_valid_line,fps6,141,False,True,retired_graph_convolution
p35,h0,fps_graph,32,uniform,rotate_so3,c219,217986,every_valid_line,fps6,141,False,True,retired_graph_convolution
p35,h0,fps_graph,32,uniform,jitter_rotate15,c220,217986,every_valid_line,fps6,141,False,True,retired_graph_convolution
p35,h0,fps_graph,32,uniform,jitter_rotate_so3,c221,217986,every_valid_line,fps6,141,False,True,retired_graph_convolution
p35,h0,fps_graph,32,curvature,none,c222,217986,every_valid_line,fps6,141,False,True,retired_graph_convolution
p35,h0,fps_graph,32,curvature,jitter,c223,217986,every_valid_line,fps6,141,False,True,retired_graph_convolution
p35,h0,fps_graph,32,curvature,rotate15,c224,217986,every_valid_line,fps6,141,False,True,retired_graph_convolution
p35,h0,fps_graph,32,curvature,rotate_so3,c225,217986,every_valid_line,fps6,141,False,True,retired_graph_convolution
p35,h0,fps_graph,32,curvature,jitter_rotate15,c226,217986,every_valid_line,fps6,141,False,True,retired_graph_convolution
p35,h0,fps_graph,32,curvature,jitter_rotate_so3,c227,217986,every_valid_line,fps6,141,False,True,retired_graph_convolution
p35,h0,fps_graph,48,uniform,none,c228,217986,every_valid_line,fps6,141,False,True,retired_graph_convolution
p35,h0,fps_graph,48,uniform,jitter,c229,217986,every_valid_line,fps6,141,False,True,retired_graph_convolution
p35,h0,fps_graph,48,uniform,rotate15,c230,217986,every_valid_line,fps6,141,False,True,retired_graph_convolution
p35,h0,fps_graph,48,uniform,rotate_so3,c231,217986,every_valid_line,fps6,141,False,True,retired_graph_convolution
p35,h0,fps_graph,48,uniform,jitter_rotate15,c232,217986,every_valid_line,fps6,141,False,True,retired_graph_convolution
p35,h0,fps_graph,48,uniform,jitter_rotate_so3,c233,217986,every_valid_line,fps6,141,False,True,retired_graph_convolution
p35,h0,fps_graph,48,curvature,none,c234,217986,every_valid_line,fps6,141,False,True,retired_graph_convolution
p35,h0,fps_graph,48,curvature,jitter,c235,217986,every_valid_line,fps6,141,False,True,retired_graph_convolution
p35,h0,fps_graph,48,curvature,rotate15,c236,217986,every_valid_line,fps6,141,False,True,retired_graph_convolution
p35,h0,fps_graph,48,curvature,rotate_so3,c237,217986,every_valid_line,fps6,141,False,True,retired_graph_convolution
p35,h0,fps_graph,48,curvature,jitter_rotate15,c238,217986,every_valid_line,fps6,141,False,True,retired_graph_convolution
p35,h0,fps_graph,48,curvature,jitter_rotate_so3,c239,217986,every_valid_line,fps6,141,False,True,retired_graph_convolution
p35,h0,block_branches,32,uniform,none,c240,629602,every_valid_line,fps6,141,False,False,historical_multicenter_not_singlecenter
p35,h0,block_branches,32,uniform,jitter,c241,629602,every_valid_line,fps6,141,False,False,historical_multicenter_not_singlecenter
p35,h0,block_branches,32,uniform,rotate15,c242,629602,every_valid_line,fps6,141,False,False,historical_multicenter_not_singlecenter
p35,h0,block_branches,32,uniform,rotate_so3,c243,629602,every_valid_line,fps6,141,False,False,historical_multicenter_not_singlecenter
p35,h0,block_branches,32,uniform,jitter_rotate15,c244,629602,every_valid_line,fps6,141,False,False,historical_multicenter_not_singlecenter
p35,h0,block_branches,32,uniform,jitter_rotate_so3,c245,629602,every_valid_line,fps6,141,False,False,historical_multicenter_not_singlecenter
p35,h0,block_branches,32,curvature,none,c246,629602,every_valid_line,fps6,141,False,False,historical_multicenter_not_singlecenter
p35,h0,block_branches,32,curvature,jitter,c247,629602,every_valid_line,fps6,141,False,False,historical_multicenter_not_singlecenter
p35,h0,block_branches,32,curvature,rotate15,c248,629602,every_valid_line,fps6,141,False,False,historical_multicenter_not_singlecenter
p35,h0,block_branches,32,curvature,rotate_so3,c249,629602,every_valid_line,fps6,141,False,False,historical_multicenter_not_singlecenter
p35,h0,block_branches,32,curvature,jitter_rotate15,c250,629602,every_valid_line,fps6,141,False,False,historical_multicenter_not_singlecenter
p35,h0,block_branches,32,curvature,jitter_rotate_so3,c251,629602,every_valid_line,fps6,141,False,False,historical_multicenter_not_singlecenter
p35,h0,block_branches,48,uniform,none,c252,629602,every_valid_line,fps6,141,False,False,historical_multicenter_not_singlecenter
p35,h0,block_branches,48,uniform,jitter,c253,629602,every_valid_line,fps6,141,False,False,historical_multicenter_not_singlecenter
p35,h0,block_branches,48,uniform,rotate15,c254,629602,every_valid_line,fps6,141,False,False,historical_multicenter_not_singlecenter
p35,h0,block_branches,48,uniform,rotate_so3,c255,629602,every_valid_line,fps6,141,False,False,historical_multicenter_not_singlecenter
p35,h0,block_branches,48,uniform,jitter_rotate15,c256,629602,every_valid_line,fps6,141,False,False,historical_multicenter_not_singlecenter
p35,h0,block_branches,48,uniform,jitter_rotate_so3,c257,629602,every_valid_line,fps6,141,False,False,historical_multicenter_not_singlecenter
p35,h0,block_branches,48,curvature,none,c258,629602,every_valid_line,fps6,141,False,False,historical_multicenter_not_singlecenter
p35,h0,block_branches,48,curvature,jitter,c259,629602,every_valid_line,fps6,141,False,False,historical_multicenter_not_singlecenter
p35,h0,block_branches,48,curvature,rotate15,c260,629602,every_valid_line,fps6,141,False,False,historical_multicenter_not_singlecenter
p35,h0,block_branches,48,curvature,rotate_so3,c261,629602,every_valid_line,fps6,141,False,False,historical_multicenter_not_singlecenter
p35,h0,block_branches,48,curvature,jitter_rotate15,c262,629602,every_valid_line,fps6,141,False,False,historical_multicenter_not_singlecenter
p35,h0,block_branches,48,curvature,jitter_rotate_so3,c263,629602,every_valid_line,fps6,141,False,False,historical_multicenter_not_singlecenter
