checked_date,output_directory,png_count,pdf_count,svg_count,tiff_count,metadata_files,same_name_config_local,same_name_config_archived,example_png,scope
2026-09-06,outputs/Other_Task1235_PerformanceBars_1.1,3,6,6,3,outputs/Other_Task1235_PerformanceBars_1.1/source_manifest.json,,,outputs/Other_Task1235_PerformanceBars_1.1/task1235_main_f1_bars.png,current main-table quantitative
2026-09-06,outputs/Other_Task23DenseCloseup_1.1,18,18,36,18,outputs/Other_Task23DenseCloseup_1.1/task2_figures/manifest.json; outputs/Other_Task23DenseCloseup_1.1/task3_figures/manifest.json,,config/Other_Task23DenseCloseup_1.1.yaml,outputs/Other_Task23DenseCloseup_1.1/task2_figures/boeing747_task2_closeup.png,historical spatial visualization; verify metadata before reuse
2026-09-06,outputs/Other_Task23DenseCloseup_1.2,18,18,36,18,outputs/Other_Task23DenseCloseup_1.2/task2_figures/manifest.json; outputs/Other_Task23DenseCloseup_1.2/task3_figures/manifest.json,,config/Other_Task23DenseCloseup_1.2.yaml,outputs/Other_Task23DenseCloseup_1.2/task2_figures/boeing747_task2_closeup.png,historical spatial visualization; verify metadata before reuse
2026-09-06,outputs/Other_Task23DenseCloseup_1.3,18,18,36,18,outputs/Other_Task23DenseCloseup_1.3/task2_figures/manifest.json; outputs/Other_Task23DenseCloseup_1.3/task3_figures/manifest.json,,config/Other_Task23DenseCloseup_1.3.yaml,outputs/Other_Task23DenseCloseup_1.3/task2_figures/boeing747_task2_closeup.png,historical spatial visualization; verify metadata before reuse
2026-09-06,outputs/Other_Task23DenseCloseup_1.4,18,18,36,18,outputs/Other_Task23DenseCloseup_1.4/task2_figures/manifest.json; outputs/Other_Task23DenseCloseup_1.4/task3_figures/manifest.json,,config/Other_Task23DenseCloseup_1.4.yaml,outputs/Other_Task23DenseCloseup_1.4/task2_figures/boeing747_task2_closeup.png,historical spatial visualization; verify metadata before reuse
2026-09-06,outputs/Other_Task23DenseCloseup_1.5,18,18,36,18,outputs/Other_Task23DenseCloseup_1.5/task2_figures/manifest.json; outputs/Other_Task23DenseCloseup_1.5/task3_figures/manifest.json,,config/Other_Task23DenseCloseup_1.5.yaml,outputs/Other_Task23DenseCloseup_1.5/task2_figures/boeing747_task2_closeup.png,historical spatial visualization; verify metadata before reuse
2026-09-06,outputs/Other_Task23DenseCloseup_1.6,18,18,36,18,outputs/Other_Task23DenseCloseup_1.6/task2_figures/manifest.json; outputs/Other_Task23DenseCloseup_1.6/task3_figures/manifest.json,,config/Other_Task23DenseCloseup_1.6.yaml,outputs/Other_Task23DenseCloseup_1.6/task2_figures/boeing747_task2_closeup.png,historical spatial visualization; verify metadata before reuse
2026-09-06,outputs/Other_Task23DenseCloseup_1.7,2,2,4,2,outputs/Other_Task23DenseCloseup_1.7/task3_figures/manifest.json,,config/Other_Task23DenseCloseup_1.7.yaml,outputs/Other_Task23DenseCloseup_1.7/task3_figures/boeing747_task3_closeup.png,historical spatial visualization; verify metadata before reuse
2026-09-06,outputs/Other_Task23DenseCloseup_1.8,18,36,36,18,outputs/Other_Task23DenseCloseup_1.8/task2_figures/manifest.json; outputs/Other_Task23DenseCloseup_1.8/task3_figures/manifest.json,,config/Other_Task23DenseCloseup_1.8.yaml,outputs/Other_Task23DenseCloseup_1.8/task2_figures/boeing747_task2_closeup.png,historical spatial visualization; verify metadata before reuse
2026-09-06,outputs/Other_Task23DenseCloseup_1.9,18,26,36,18,outputs/Other_Task23DenseCloseup_1.9/task2_figures/manifest.json; outputs/Other_Task23DenseCloseup_1.9/task3_figures/manifest.json,,config/Other_Task23DenseCloseup_1.9.yaml,outputs/Other_Task23DenseCloseup_1.9/task2_figures/boeing747_task2_closeup.png,historical spatial visualization; verify metadata before reuse
2026-09-06,outputs/Other_Task23DenseCloseup_2.0,18,36,36,18,outputs/Other_Task23DenseCloseup_2.0/task2_figures/manifest.json; outputs/Other_Task23DenseCloseup_2.0/task3_figures/manifest.json,,config/Other_Task23DenseCloseup_2.0.yaml,outputs/Other_Task23DenseCloseup_2.0/task2_figures/boeing747_task2_closeup.png,historical spatial visualization; verify metadata before reuse
2026-09-06,outputs/Other_Task23DenseCloseup_2.1,18,18,36,18,outputs/Other_Task23DenseCloseup_2.1/task2_figures/manifest.json; outputs/Other_Task23DenseCloseup_2.1/task3_figures/manifest.json,,config/Other_Task23DenseCloseup_2.1.yaml,outputs/Other_Task23DenseCloseup_2.1/task2_figures/boeing747_task2_closeup.png,historical spatial visualization; verify metadata before reuse
2026-09-06,outputs/Other_Task23DenseCloseup_2.2,18,18,36,18,outputs/Other_Task23DenseCloseup_2.2/task2_figures/manifest.json; outputs/Other_Task23DenseCloseup_2.2/task3_figures/manifest.json,,config/Other_Task23DenseCloseup_2.2.yaml,outputs/Other_Task23DenseCloseup_2.2/task2_figures/boeing747_task2_closeup.png,historical spatial visualization; verify metadata before reuse
2026-09-06,outputs/Other_Task23DenseCloseup_2.3,18,18,36,18,outputs/Other_Task23DenseCloseup_2.3/task2_figures/manifest.json; outputs/Other_Task23DenseCloseup_2.3/task3_figures/manifest.json,,config/Other_Task23DenseCloseup_2.3.yaml,outputs/Other_Task23DenseCloseup_2.3/task2_figures/boeing747_task2_closeup.png,historical spatial visualization; verify metadata before reuse
2026-09-06,outputs/Other_Task23DenseCloseup_2.4,18,18,36,18,outputs/Other_Task23DenseCloseup_2.4/task2_figures/manifest.json; outputs/Other_Task23DenseCloseup_2.4/task3_figures/manifest.json,,config/Other_Task23DenseCloseup_2.4.yaml,outputs/Other_Task23DenseCloseup_2.4/task2_figures/boeing747_task2_closeup.png,historical spatial visualization; verify metadata before reuse
2026-09-06,outputs/Other_Task23DenseCloseup_2.5,18,36,36,18,outputs/Other_Task23DenseCloseup_2.5/task2_figures/manifest.json; outputs/Other_Task23DenseCloseup_2.5/task3_figures/manifest.json,,config/Other_Task23DenseCloseup_2.5.yaml,outputs/Other_Task23DenseCloseup_2.5/task2_figures/boeing747_task2_closeup.png,historical spatial visualization; verify metadata before reuse
2026-09-06,outputs/Other_Task23DenseCloseup_2.6,11,11,22,11,outputs/Other_Task23DenseCloseup_2.6/task2_figures/manifest.json; outputs/Other_Task23DenseCloseup_2.6/task3_figures/manifest.json,,config/Other_Task23DenseCloseup_2.6.yaml,outputs/Other_Task23DenseCloseup_2.6/task2_figures/boeing747_task2_closeup.png,historical spatial visualization; verify metadata before reuse
2026-09-06,outputs/Other_Task23DenseCloseup_2.7,18,18,36,18,outputs/Other_Task23DenseCloseup_2.7/task2_figures/manifest.json; outputs/Other_Task23DenseCloseup_2.7/task3_figures/manifest.json,,config/Other_Task23DenseCloseup_2.7.yaml,outputs/Other_Task23DenseCloseup_2.7/task2_figures/boeing747_task2_closeup.png,historical spatial visualization; verify metadata before reuse
2026-09-06,outputs/Other_Task23DenseCloseup_2.8,2,2,4,2,outputs/Other_Task23DenseCloseup_2.8/task3_figures/manifest.json,config/Other_Task23DenseCloseup_2.8.yaml,,outputs/Other_Task23DenseCloseup_2.8/task3_figures/cylinder3d_task3_closeup.png,historical spatial visualization; verify metadata before reuse
2026-09-06,outputs/Other_Task3DenseVisualization_1.1,10,20,20,0,outputs/Other_Task3DenseVisualization_1.1/cache/boeing747/manifest.json; outputs/Other_Task3DenseVisualization_1.1/cache/channel/manifest.json; outputs/Other_Task3DenseVisualization_1.1/cache/cylinder3d/manifest.json; outputs/Other_Task3DenseVisualization_1.1/cache/deltaWing_LBM/manifest.json; outputs/Other_Task3DenseVisualization_1.1/cache/deltaWing_resampled/manifest.json; outputs/Other_Task3DenseVisualization_1.1/cache/f22raptor/manifest.json; outputs/Other_Task3DenseVisualization_1.1/cache/halfcylinderRe640/manifest.json; outputs/Other_Task3DenseVisualization_1.1/cache/halfcylinderRe6400/manifest.json; outputs/Other_Task3DenseVisualization_1.1/cache/smokeBuoyancy/manifest.json; outputs/Other_Task3DenseVisualization_1.1/cache/tangaroa/manifest.json; outputs/Other_Task3DenseVisualization_1.1/figures/manifest.json,,config/Other_Task3DenseVisualization_1.1.yaml,outputs/Other_Task3DenseVisualization_1.1/figures/boeing747_task3_diagnostic.png,historical spatial visualization; verify metadata before reuse
2026-09-06,outputs/Other_Task3DenseVisualization_1.10,10,20,20,0,outputs/Other_Task3DenseVisualization_1.10/figures/manifest.json,,config/Other_Task3DenseVisualization_1.10.yaml,outputs/Other_Task3DenseVisualization_1.10/figures/boeing747_task3_diagnostic.png,historical spatial visualization; verify metadata before reuse
2026-09-06,outputs/Other_Task3DenseVisualization_1.11,10,20,20,0,outputs/Other_Task3DenseVisualization_1.11/figures/manifest.json,,config/Other_Task3DenseVisualization_1.11.yaml,outputs/Other_Task3DenseVisualization_1.11/figures/boeing747_task3_closeup.png,historical spatial visualization; verify metadata before reuse
2026-09-06,outputs/Other_Task3DenseVisualization_1.12,10,10,20,10,outputs/Other_Task3DenseVisualization_1.12/figures/manifest.json,,config/Other_Task3DenseVisualization_1.12.yaml,outputs/Other_Task3DenseVisualization_1.12/figures/boeing747_task3_closeup.png,historical spatial visualization; verify metadata before reuse
2026-09-06,outputs/Other_Task3DenseVisualization_1.13,10,11,20,10,outputs/Other_Task3DenseVisualization_1.13/figures/manifest.json,,config/Other_Task3DenseVisualization_1.13.yaml,outputs/Other_Task3DenseVisualization_1.13/figures/boeing747_task3_closeup.png,historical spatial visualization; verify metadata before reuse
2026-09-06,outputs/Other_Task3DenseVisualization_1.14,10,10,20,10,outputs/Other_Task3DenseVisualization_1.14/figures/manifest.json,,config/Other_Task3DenseVisualization_1.14.yaml,outputs/Other_Task3DenseVisualization_1.14/figures/boeing747_task3_closeup.png,historical spatial visualization; verify metadata before reuse
2026-09-06,outputs/Other_Task3DenseVisualization_1.15,10,10,20,10,outputs/Other_Task3DenseVisualization_1.15/figures/manifest.json,,config/Other_Task3DenseVisualization_1.15.yaml,outputs/Other_Task3DenseVisualization_1.15/figures/boeing747_task3_closeup.png,historical spatial visualization; verify metadata before reuse
2026-09-06,outputs/Other_Task3DenseVisualization_1.16,3,3,6,3,outputs/Other_Task3DenseVisualization_1.16/figures/manifest.json,,,outputs/Other_Task3DenseVisualization_1.16/figures/cylinder3d_task3_closeup.png,historical spatial visualization; verify metadata before reuse
2026-09-06,outputs/Other_Task3DenseVisualization_1.17,10,10,20,10,outputs/Other_Task3DenseVisualization_1.17/cache/boeing747/manifest.json; outputs/Other_Task3DenseVisualization_1.17/cache/channel/manifest.json; outputs/Other_Task3DenseVisualization_1.17/cache/cylinder3d/manifest.json; outputs/Other_Task3DenseVisualization_1.17/cache/deltaWing_LBM/manifest.json; outputs/Other_Task3DenseVisualization_1.17/cache/deltaWing_resampled/manifest.json; outputs/Other_Task3DenseVisualization_1.17/cache/f22raptor/manifest.json; outputs/Other_Task3DenseVisualization_1.17/cache/halfcylinderRe640/manifest.json; outputs/Other_Task3DenseVisualization_1.17/cache/halfcylinderRe6400/manifest.json; outputs/Other_Task3DenseVisualization_1.17/cache/smokeBuoyancy/manifest.json; outputs/Other_Task3DenseVisualization_1.17/cache/tangaroa/manifest.json; outputs/Other_Task3DenseVisualization_1.17/figures/manifest.json,,config/Other_Task3DenseVisualization_1.17.yaml,outputs/Other_Task3DenseVisualization_1.17/figures/boeing747_task3_closeup.png,historical spatial visualization; verify metadata before reuse
2026-09-06,outputs/Other_Task3DenseVisualization_1.18,10,10,20,10,outputs/Other_Task3DenseVisualization_1.18/figures/manifest.json,,config/Other_Task3DenseVisualization_1.18.yaml,outputs/Other_Task3DenseVisualization_1.18/figures/boeing747_task3_closeup.png,historical spatial visualization; verify metadata before reuse
2026-09-06,outputs/Other_Task3DenseVisualization_1.19,10,10,20,10,outputs/Other_Task3DenseVisualization_1.19/figures/manifest.json,,config/Other_Task3DenseVisualization_1.19.yaml,outputs/Other_Task3DenseVisualization_1.19/figures/boeing747_task3_closeup.png,historical spatial visualization; verify metadata before reuse
2026-09-06,outputs/Other_Task3DenseVisualization_1.2,10,10,20,0,outputs/Other_Task3DenseVisualization_1.2/figures/manifest.json,,config/Other_Task3DenseVisualization_1.2.yaml,outputs/Other_Task3DenseVisualization_1.2/figures/boeing747_task3_diagnostic.png,historical spatial visualization; verify metadata before reuse
2026-09-06,outputs/Other_Task3DenseVisualization_1.20,9,9,18,9,outputs/Other_Task3DenseVisualization_1.20/cache/boeing747/manifest.json; outputs/Other_Task3DenseVisualization_1.20/cache/channel/manifest.json; outputs/Other_Task3DenseVisualization_1.20/cache/cylinder3d/manifest.json; outputs/Other_Task3DenseVisualization_1.20/cache/deltaWing_LBM/manifest.json; outputs/Other_Task3DenseVisualization_1.20/cache/deltaWing_resampled/manifest.json; outputs/Other_Task3DenseVisualization_1.20/cache/halfcylinderRe640/manifest.json; outputs/Other_Task3DenseVisualization_1.20/cache/halfcylinderRe6400/manifest.json; outputs/Other_Task3DenseVisualization_1.20/cache/smokeBuoyancy/manifest.json; outputs/Other_Task3DenseVisualization_1.20/cache/tangaroa/manifest.json; outputs/Other_Task3DenseVisualization_1.20/figures/manifest.json,,config/Other_Task3DenseVisualization_1.20.yaml,outputs/Other_Task3DenseVisualization_1.20/figures/boeing747_task3_closeup.png,historical spatial visualization; verify metadata before reuse
2026-09-06,outputs/Other_Task3DenseVisualization_1.21,9,18,18,9,outputs/Other_Task3DenseVisualization_1.21/figures/manifest.json,,config/Other_Task3DenseVisualization_1.21.yaml,outputs/Other_Task3DenseVisualization_1.21/figures/boeing747_task3_closeup.png,historical spatial visualization; verify metadata before reuse
2026-09-06,outputs/Other_Task3DenseVisualization_1.22,9,13,18,9,outputs/Other_Task3DenseVisualization_1.22/figures/manifest.json,,config/Other_Task3DenseVisualization_1.22.yaml,outputs/Other_Task3DenseVisualization_1.22/figures/boeing747_task3_closeup.png,historical spatial visualization; verify metadata before reuse
2026-09-06,outputs/Other_Task3DenseVisualization_1.23,9,9,18,9,outputs/Other_Task3DenseVisualization_1.23/cache/boeing747/manifest.json; outputs/Other_Task3DenseVisualization_1.23/cache/channel/manifest.json; outputs/Other_Task3DenseVisualization_1.23/cache/cylinder3d/manifest.json; outputs/Other_Task3DenseVisualization_1.23/cache/deltaWing_LBM/manifest.json; outputs/Other_Task3DenseVisualization_1.23/cache/deltaWing_resampled/manifest.json; outputs/Other_Task3DenseVisualization_1.23/cache/halfcylinderRe640/manifest.json; outputs/Other_Task3DenseVisualization_1.23/cache/halfcylinderRe6400/manifest.json; outputs/Other_Task3DenseVisualization_1.23/cache/smokeBuoyancy/manifest.json; outputs/Other_Task3DenseVisualization_1.23/cache/tangaroa/manifest.json; outputs/Other_Task3DenseVisualization_1.23/figures/manifest.json,,config/Other_Task3DenseVisualization_1.23.yaml,outputs/Other_Task3DenseVisualization_1.23/figures/boeing747_task3_closeup.png,historical spatial visualization; verify metadata before reuse
2026-09-06,outputs/Other_Task3DenseVisualization_1.24,9,9,18,9,outputs/Other_Task3DenseVisualization_1.24/figures/manifest.json,,config/Other_Task3DenseVisualization_1.24.yaml,outputs/Other_Task3DenseVisualization_1.24/figures/boeing747_task3_closeup.png,historical spatial visualization; verify metadata before reuse
2026-09-06,outputs/Other_Task3DenseVisualization_1.25,9,9,18,9,outputs/Other_Task3DenseVisualization_1.25/figures/manifest.json,,config/Other_Task3DenseVisualization_1.25.yaml,outputs/Other_Task3DenseVisualization_1.25/figures/boeing747_task3_closeup.png,historical spatial visualization; verify metadata before reuse
2026-09-06,outputs/Other_Task3DenseVisualization_1.26,9,9,18,9,outputs/Other_Task3DenseVisualization_1.26/figures/manifest.json,,config/Other_Task3DenseVisualization_1.26.yaml,outputs/Other_Task3DenseVisualization_1.26/figures/boeing747_task3_closeup.png,historical spatial visualization; verify metadata before reuse
2026-09-06,outputs/Other_Task3DenseVisualization_1.27,3,3,6,3,outputs/Other_Task3DenseVisualization_1.27/figures/manifest.json,,config/Other_Task3DenseVisualization_1.27.yaml,outputs/Other_Task3DenseVisualization_1.27/figures/boeing747_task3_closeup.png,historical spatial visualization; verify metadata before reuse
2026-09-06,outputs/Other_Task3DenseVisualization_1.28,3,3,6,3,outputs/Other_Task3DenseVisualization_1.28/figures/manifest.json,,config/Other_Task3DenseVisualization_1.28.yaml,outputs/Other_Task3DenseVisualization_1.28/figures/boeing747_task3_diagnostic.png,historical spatial visualization; verify metadata before reuse
2026-09-06,outputs/Other_Task3DenseVisualization_1.29,9,9,18,9,outputs/Other_Task3DenseVisualization_1.29/figures/manifest.json,,config/Other_Task3DenseVisualization_1.29.yaml,outputs/Other_Task3DenseVisualization_1.29/figures/boeing747_task3_closeup.png,historical spatial visualization; verify metadata before reuse
2026-09-06,outputs/Other_Task3DenseVisualization_1.3,10,20,20,0,outputs/Other_Task3DenseVisualization_1.3/figures/manifest.json,,config/Other_Task3DenseVisualization_1.3.yaml,outputs/Other_Task3DenseVisualization_1.3/figures/boeing747_task3_diagnostic.png,historical spatial visualization; verify metadata before reuse
2026-09-06,outputs/Other_Task3DenseVisualization_1.30,9,9,18,9,outputs/Other_Task3DenseVisualization_1.30/figures/manifest.json,,config/Other_Task3DenseVisualization_1.30.yaml,outputs/Other_Task3DenseVisualization_1.30/figures/boeing747_task3_closeup.png,historical spatial visualization; verify metadata before reuse
2026-09-06,outputs/Other_Task3DenseVisualization_1.31,9,9,18,9,outputs/Other_Task3DenseVisualization_1.31/figures/manifest.json,,config/Other_Task3DenseVisualization_1.31.yaml,outputs/Other_Task3DenseVisualization_1.31/figures/boeing747_task3_closeup.png,historical spatial visualization; verify metadata before reuse
2026-09-06,outputs/Other_Task3DenseVisualization_1.32,9,9,18,9,outputs/Other_Task3DenseVisualization_1.32/figures/manifest.json,,config/Other_Task3DenseVisualization_1.32.yaml,outputs/Other_Task3DenseVisualization_1.32/figures/boeing747_task3_closeup.png,historical spatial visualization; verify metadata before reuse
2026-09-06,outputs/Other_Task3DenseVisualization_1.33,9,9,18,9,outputs/Other_Task3DenseVisualization_1.33/figures/manifest.json,,config/Other_Task3DenseVisualization_1.33.yaml,outputs/Other_Task3DenseVisualization_1.33/figures/boeing747_task3_closeup.png,historical spatial visualization; verify metadata before reuse
2026-09-06,outputs/Other_Task3DenseVisualization_1.34,1,1,2,1,outputs/Other_Task3DenseVisualization_1.34/cache/cylinder3d/manifest.json; outputs/Other_Task3DenseVisualization_1.34/figures/manifest.json,,,outputs/Other_Task3DenseVisualization_1.34/figures/cylinder3d_task3_closeup.png,historical spatial visualization; verify metadata before reuse
2026-09-06,outputs/Other_Task3DenseVisualization_1.35,10,20,20,10,outputs/Other_Task3DenseVisualization_1.35/figures/manifest.json,,config/Other_Task3DenseVisualization_1.35.yaml,outputs/Other_Task3DenseVisualization_1.35/figures/boeing747_task3_diagnostic.png,historical spatial visualization; verify metadata before reuse
2026-09-06,outputs/Other_Task3DenseVisualization_1.36,9,9,18,9,outputs/Other_Task3DenseVisualization_1.36/figures/manifest.json,,config/Other_Task3DenseVisualization_1.36.yaml,outputs/Other_Task3DenseVisualization_1.36/figures/boeing747_task3_closeup.png,historical spatial visualization; verify metadata before reuse
2026-09-06,outputs/Other_Task3DenseVisualization_1.37,9,9,18,9,outputs/Other_Task3DenseVisualization_1.37/cache/boeing747/manifest.json; outputs/Other_Task3DenseVisualization_1.37/cache/channel/manifest.json; outputs/Other_Task3DenseVisualization_1.37/cache/cylinder3d/manifest.json; outputs/Other_Task3DenseVisualization_1.37/cache/deltaWing_LBM/manifest.json; outputs/Other_Task3DenseVisualization_1.37/cache/deltaWing_resampled/manifest.json; outputs/Other_Task3DenseVisualization_1.37/cache/halfcylinderRe640/manifest.json; outputs/Other_Task3DenseVisualization_1.37/cache/halfcylinderRe6400/manifest.json; outputs/Other_Task3DenseVisualization_1.37/cache/smokeBuoyancy/manifest.json; outputs/Other_Task3DenseVisualization_1.37/cache/tangaroa/manifest.json; outputs/Other_Task3DenseVisualization_1.37/figures/manifest.json,,config/Other_Task3DenseVisualization_1.37.yaml,outputs/Other_Task3DenseVisualization_1.37/figures/boeing747_task3_closeup.png,historical spatial visualization; verify metadata before reuse
2026-09-06,outputs/Other_Task3DenseVisualization_1.38,9,9,18,9,outputs/Other_Task3DenseVisualization_1.38/figures/manifest.json,,config/Other_Task3DenseVisualization_1.38.yaml,outputs/Other_Task3DenseVisualization_1.38/figures/boeing747_task3_closeup.png,historical spatial visualization; verify metadata before reuse
2026-09-06,outputs/Other_Task3DenseVisualization_1.39,9,9,18,9,outputs/Other_Task3DenseVisualization_1.39/figures/manifest.json,,config/Other_Task3DenseVisualization_1.39.yaml,outputs/Other_Task3DenseVisualization_1.39/figures/boeing747_task3_closeup.png,historical spatial visualization; verify metadata before reuse
2026-09-06,outputs/Other_Task3DenseVisualization_1.4,10,20,20,0,outputs/Other_Task3DenseVisualization_1.4/figures/manifest.json,,config/Other_Task3DenseVisualization_1.4.yaml,outputs/Other_Task3DenseVisualization_1.4/figures/boeing747_task3_diagnostic.png,historical spatial visualization; verify metadata before reuse
2026-09-06,outputs/Other_Task3DenseVisualization_1.40,9,10,18,9,outputs/Other_Task3DenseVisualization_1.40/figures/manifest.json,,config/Other_Task3DenseVisualization_1.40.yaml,outputs/Other_Task3DenseVisualization_1.40/figures/boeing747_task3_closeup.png,historical spatial visualization; verify metadata before reuse
2026-09-06,outputs/Other_Task3DenseVisualization_1.41,9,9,18,9,outputs/Other_Task3DenseVisualization_1.41/figures/manifest.json,,config/Other_Task3DenseVisualization_1.41.yaml,outputs/Other_Task3DenseVisualization_1.41/figures/boeing747_task3_closeup.png,historical spatial visualization; verify metadata before reuse
2026-09-06,outputs/Other_Task3DenseVisualization_1.42,9,9,18,9,outputs/Other_Task3DenseVisualization_1.42/figures/manifest.json,,config/Other_Task3DenseVisualization_1.42.yaml,outputs/Other_Task3DenseVisualization_1.42/figures/boeing747_task3_closeup.png,historical spatial visualization; verify metadata before reuse
2026-09-06,outputs/Other_Task3DenseVisualization_1.43,3,3,6,3,outputs/Other_Task3DenseVisualization_1.43/figures/manifest.json,,,outputs/Other_Task3DenseVisualization_1.43/figures/channel_task3_closeup.png,historical spatial visualization; verify metadata before reuse
2026-09-06,outputs/Other_Task3DenseVisualization_1.44,9,9,18,9,outputs/Other_Task3DenseVisualization_1.44/figures/manifest.json,,config/Other_Task3DenseVisualization_1.44.yaml,outputs/Other_Task3DenseVisualization_1.44/figures/boeing747_task3_closeup.png,historical spatial visualization; verify metadata before reuse
2026-09-06,outputs/Other_Task3DenseVisualization_1.45,10,10,18,9,outputs/Other_Task3DenseVisualization_1.45/figures/manifest.json,,config/Other_Task3DenseVisualization_1.45.yaml,outputs/Other_Task3DenseVisualization_1.45/figures/boeing747_task3_closeup.png,historical spatial visualization; verify metadata before reuse
2026-09-06,outputs/Other_Task3DenseVisualization_1.46,9,9,18,9,outputs/Other_Task3DenseVisualization_1.46/figures/manifest.json,,config/Other_Task3DenseVisualization_1.46.yaml,outputs/Other_Task3DenseVisualization_1.46/figures/boeing747_task3_closeup.png,historical spatial visualization; verify metadata before reuse
2026-09-06,outputs/Other_Task3DenseVisualization_1.47,4,4,8,4,outputs/Other_Task3DenseVisualization_1.47/figures/manifest.json,,,outputs/Other_Task3DenseVisualization_1.47/figures/boeing747_task3_closeup.png,historical spatial visualization; verify metadata before reuse
2026-09-06,outputs/Other_Task3DenseVisualization_1.48,9,9,18,9,outputs/Other_Task3DenseVisualization_1.48/figures/manifest.json,,config/Other_Task3DenseVisualization_1.48.yaml,outputs/Other_Task3DenseVisualization_1.48/figures/boeing747_task3_closeup.png,historical spatial visualization; verify metadata before reuse
2026-09-06,outputs/Other_Task3DenseVisualization_1.49,3,3,6,3,outputs/Other_Task3DenseVisualization_1.49/figures/manifest.json,,config/Other_Task3DenseVisualization_1.49.yaml,outputs/Other_Task3DenseVisualization_1.49/figures/boeing747_task3_closeup.png,historical spatial visualization; verify metadata before reuse
2026-09-06,outputs/Other_Task3DenseVisualization_1.5,10,20,20,0,outputs/Other_Task3DenseVisualization_1.5/figures/manifest.json,,config/Other_Task3DenseVisualization_1.5.yaml,outputs/Other_Task3DenseVisualization_1.5/figures/boeing747_task3_diagnostic.png,historical spatial visualization; verify metadata before reuse
2026-09-06,outputs/Other_Task3DenseVisualization_1.50,9,18,18,9,outputs/Other_Task3DenseVisualization_1.50/figures/manifest.json,,config/Other_Task3DenseVisualization_1.50.yaml,outputs/Other_Task3DenseVisualization_1.50/figures/boeing747_task3_closeup.png,historical spatial visualization; verify metadata before reuse
2026-09-06,outputs/Other_Task3DenseVisualization_1.51,9,9,18,9,outputs/Other_Task3DenseVisualization_1.51/figures/manifest.json,,config/Other_Task3DenseVisualization_1.51.yaml,outputs/Other_Task3DenseVisualization_1.51/figures/boeing747_task3_closeup.png,historical spatial visualization; verify metadata before reuse
2026-09-06,outputs/Other_Task3DenseVisualization_1.52,3,3,6,3,outputs/Other_Task3DenseVisualization_1.52/figures/manifest.json,,,outputs/Other_Task3DenseVisualization_1.52/figures/cylinder3d_task3_closeup.png,historical spatial visualization; verify metadata before reuse
2026-09-06,outputs/Other_Task3DenseVisualization_1.53,3,3,6,3,outputs/Other_Task3DenseVisualization_1.53/figures/manifest.json,,,outputs/Other_Task3DenseVisualization_1.53/figures/cylinder3d_task3_closeup.png,historical spatial visualization; verify metadata before reuse
2026-09-06,outputs/Other_Task3DenseVisualization_1.54,3,3,6,3,outputs/Other_Task3DenseVisualization_1.54/figures/manifest.json,,,outputs/Other_Task3DenseVisualization_1.54/figures/cylinder3d_task3_closeup.png,historical spatial visualization; verify metadata before reuse
2026-09-06,outputs/Other_Task3DenseVisualization_1.55,9,9,18,9,outputs/Other_Task3DenseVisualization_1.55/figures/manifest.json,,config/Other_Task3DenseVisualization_1.55.yaml,outputs/Other_Task3DenseVisualization_1.55/figures/boeing747_task3_closeup.png,historical spatial visualization; verify metadata before reuse
2026-09-06,outputs/Other_Task3DenseVisualization_1.56,9,9,18,9,outputs/Other_Task3DenseVisualization_1.56/figures/manifest.json,,config/Other_Task3DenseVisualization_1.56.yaml,outputs/Other_Task3DenseVisualization_1.56/figures/boeing747_task3_closeup.png,historical spatial visualization; verify metadata before reuse
2026-09-06,outputs/Other_Task3DenseVisualization_1.57,9,9,18,9,outputs/Other_Task3DenseVisualization_1.57/figures/manifest.json,,config/Other_Task3DenseVisualization_1.57.yaml,outputs/Other_Task3DenseVisualization_1.57/figures/boeing747_task3_closeup.png,historical spatial visualization; verify metadata before reuse
2026-09-06,outputs/Other_Task3DenseVisualization_1.58,9,9,18,9,outputs/Other_Task3DenseVisualization_1.58/figures/manifest.json,,config/Other_Task3DenseVisualization_1.58.yaml,outputs/Other_Task3DenseVisualization_1.58/figures/boeing747_task3_closeup.png,historical spatial visualization; verify metadata before reuse
2026-09-06,outputs/Other_Task3DenseVisualization_1.59,9,9,18,9,outputs/Other_Task3DenseVisualization_1.59/figures/manifest.json,,config/Other_Task3DenseVisualization_1.59.yaml,outputs/Other_Task3DenseVisualization_1.59/figures/boeing747_task3_closeup.png,historical spatial visualization; verify metadata before reuse
2026-09-06,outputs/Other_Task3DenseVisualization_1.6,10,20,20,0,outputs/Other_Task3DenseVisualization_1.6/figures/manifest.json,,config/Other_Task3DenseVisualization_1.6.yaml,outputs/Other_Task3DenseVisualization_1.6/figures/boeing747_task3_diagnostic.png,historical spatial visualization; verify metadata before reuse
2026-09-06,outputs/Other_Task3DenseVisualization_1.60,9,9,18,9,outputs/Other_Task3DenseVisualization_1.60/figures/manifest.json,,config/Other_Task3DenseVisualization_1.60.yaml,outputs/Other_Task3DenseVisualization_1.60/figures/boeing747_task3_closeup.png,historical spatial visualization; verify metadata before reuse
2026-09-06,outputs/Other_Task3DenseVisualization_1.61,9,9,18,9,outputs/Other_Task3DenseVisualization_1.61/figures/manifest.json,,config/Other_Task3DenseVisualization_1.61.yaml,outputs/Other_Task3DenseVisualization_1.61/figures/boeing747_task3_closeup.png,historical spatial visualization; verify metadata before reuse
2026-09-06,outputs/Other_Task3DenseVisualization_1.62,9,9,18,9,outputs/Other_Task3DenseVisualization_1.62/figures/manifest.json,,config/Other_Task3DenseVisualization_1.62.yaml,outputs/Other_Task3DenseVisualization_1.62/figures/boeing747_task3_closeup.png,historical spatial visualization; verify metadata before reuse
2026-09-06,outputs/Other_Task3DenseVisualization_1.63,9,18,18,9,outputs/Other_Task3DenseVisualization_1.63/figures/manifest.json,,config/Other_Task3DenseVisualization_1.63.yaml,outputs/Other_Task3DenseVisualization_1.63/figures/boeing747_task3_closeup.png,historical spatial visualization; verify metadata before reuse
2026-09-06,outputs/Other_Task3DenseVisualization_1.64,9,9,18,9,outputs/Other_Task3DenseVisualization_1.64/figures/manifest.json,,config/Other_Task3DenseVisualization_1.64.yaml,outputs/Other_Task3DenseVisualization_1.64/figures/boeing747_task3_closeup.png,historical spatial visualization; verify metadata before reuse
2026-09-06,outputs/Other_Task3DenseVisualization_1.65,9,9,18,9,outputs/Other_Task3DenseVisualization_1.65/figures/manifest.json,,config/Other_Task3DenseVisualization_1.65.yaml,outputs/Other_Task3DenseVisualization_1.65/figures/boeing747_task3_closeup.png,historical spatial visualization; verify metadata before reuse
2026-09-06,outputs/Other_Task3DenseVisualization_1.66,9,9,18,9,outputs/Other_Task3DenseVisualization_1.66/figures/manifest.json,,config/Other_Task3DenseVisualization_1.66.yaml,outputs/Other_Task3DenseVisualization_1.66/figures/boeing747_task3_closeup.png,historical spatial visualization; verify metadata before reuse
2026-09-06,outputs/Other_Task3DenseVisualization_1.67,9,9,18,9,outputs/Other_Task3DenseVisualization_1.67/figures/manifest.json,,config/Other_Task3DenseVisualization_1.67.yaml,outputs/Other_Task3DenseVisualization_1.67/figures/boeing747_task3_closeup.png,historical spatial visualization; verify metadata before reuse
2026-09-06,outputs/Other_Task3DenseVisualization_1.68,9,9,18,9,outputs/Other_Task3DenseVisualization_1.68/figures/manifest.json,,config/Other_Task3DenseVisualization_1.68.yaml,outputs/Other_Task3DenseVisualization_1.68/figures/boeing747_task3_closeup.png,historical spatial visualization; verify metadata before reuse
2026-09-06,outputs/Other_Task3DenseVisualization_1.69,9,18,18,9,outputs/Other_Task3DenseVisualization_1.69/figures/manifest.json,,config/Other_Task3DenseVisualization_1.69.yaml,outputs/Other_Task3DenseVisualization_1.69/figures/boeing747_task3_closeup.png,historical spatial visualization; verify metadata before reuse
2026-09-06,outputs/Other_Task3DenseVisualization_1.7,1,1,2,0,outputs/Other_Task3DenseVisualization_1.7/figures/manifest.json,,config/Other_Task3DenseVisualization_1.7.yaml,outputs/Other_Task3DenseVisualization_1.7/figures/f22raptor_task3_diagnostic.png,historical spatial visualization; verify metadata before reuse
2026-09-06,outputs/Other_Task3DenseVisualization_1.70,9,9,18,9,outputs/Other_Task3DenseVisualization_1.70/figures/manifest.json,,config/Other_Task3DenseVisualization_1.70.yaml,outputs/Other_Task3DenseVisualization_1.70/figures/boeing747_task3_closeup.png,historical spatial visualization; verify metadata before reuse
2026-09-06,outputs/Other_Task3DenseVisualization_1.71,9,9,18,9,outputs/Other_Task3DenseVisualization_1.71/figures/manifest.json,,config/Other_Task3DenseVisualization_1.71.yaml,outputs/Other_Task3DenseVisualization_1.71/figures/boeing747_task3_closeup.png,historical spatial visualization; verify metadata before reuse
2026-09-06,outputs/Other_Task3DenseVisualization_1.72,9,18,18,9,outputs/Other_Task3DenseVisualization_1.72/cache/boeing747/manifest.json; outputs/Other_Task3DenseVisualization_1.72/cache/channel/manifest.json; outputs/Other_Task3DenseVisualization_1.72/cache/cylinder3d/manifest.json; outputs/Other_Task3DenseVisualization_1.72/cache/deltaWing_LBM/manifest.json; outputs/Other_Task3DenseVisualization_1.72/cache/deltaWing_resampled/manifest.json; outputs/Other_Task3DenseVisualization_1.72/cache/halfcylinderRe640/manifest.json; outputs/Other_Task3DenseVisualization_1.72/cache/halfcylinderRe6400/manifest.json; outputs/Other_Task3DenseVisualization_1.72/cache/smokeBuoyancy/manifest.json; outputs/Other_Task3DenseVisualization_1.72/cache/tangaroa/manifest.json; outputs/Other_Task3DenseVisualization_1.72/figures/manifest.json,,config/Other_Task3DenseVisualization_1.72.yaml,outputs/Other_Task3DenseVisualization_1.72/figures/boeing747_task3_closeup.png,historical spatial visualization; verify metadata before reuse
2026-09-06,outputs/Other_Task3DenseVisualization_1.73,9,18,18,9,outputs/Other_Task3DenseVisualization_1.73/figures/manifest.json,,config/Other_Task3DenseVisualization_1.73.yaml,outputs/Other_Task3DenseVisualization_1.73/figures/boeing747_task3_closeup.png,historical spatial visualization; verify metadata before reuse
2026-09-06,outputs/Other_Task3DenseVisualization_1.74,9,9,18,9,outputs/Other_Task3DenseVisualization_1.74/figures/manifest.json,,config/Other_Task3DenseVisualization_1.74.yaml,outputs/Other_Task3DenseVisualization_1.74/figures/boeing747_task3_closeup.png,historical spatial visualization; verify metadata before reuse
2026-09-06,outputs/Other_Task3DenseVisualization_1.75,4,4,8,4,outputs/Other_Task3DenseVisualization_1.75/figures/manifest.json,,config/Other_Task3DenseVisualization_1.75.yaml,outputs/Other_Task3DenseVisualization_1.75/figures/boeing747_task3_closeup.png,historical spatial visualization; verify metadata before reuse
2026-09-06,outputs/Other_Task3DenseVisualization_1.76,9,18,18,9,outputs/Other_Task3DenseVisualization_1.76/cache/boeing747/manifest.json; outputs/Other_Task3DenseVisualization_1.76/cache/channel/manifest.json; outputs/Other_Task3DenseVisualization_1.76/cache/cylinder3d/manifest.json; outputs/Other_Task3DenseVisualization_1.76/cache/deltaWing_LBM/manifest.json; outputs/Other_Task3DenseVisualization_1.76/cache/deltaWing_resampled/manifest.json; outputs/Other_Task3DenseVisualization_1.76/cache/f22raptor/manifest.json; outputs/Other_Task3DenseVisualization_1.76/cache/halfcylinderRe640/manifest.json; outputs/Other_Task3DenseVisualization_1.76/cache/halfcylinderRe6400/manifest.json; outputs/Other_Task3DenseVisualization_1.76/cache/smokeBuoyancy/manifest.json; outputs/Other_Task3DenseVisualization_1.76/cache/tangaroa/manifest.json; outputs/Other_Task3DenseVisualization_1.76/figures/manifest.json,,config/Other_Task3DenseVisualization_1.76.yaml,outputs/Other_Task3DenseVisualization_1.76/figures/boeing747_task3_closeup.png,historical spatial visualization; verify metadata before reuse
2026-09-06,outputs/Other_Task3DenseVisualization_1.77,9,14,18,9,outputs/Other_Task3DenseVisualization_1.77/figures/manifest.json,,config/Other_Task3DenseVisualization_1.77.yaml,outputs/Other_Task3DenseVisualization_1.77/figures/boeing747_task3_closeup.png,historical spatial visualization; verify metadata before reuse
2026-09-06,outputs/Other_Task3DenseVisualization_1.78,9,15,18,9,outputs/Other_Task3DenseVisualization_1.78/figures/manifest.json,,config/Other_Task3DenseVisualization_1.78.yaml,outputs/Other_Task3DenseVisualization_1.78/figures/boeing747_task3_closeup.png,historical spatial visualization; verify metadata before reuse
2026-09-06,outputs/Other_Task3DenseVisualization_1.79,9,9,18,9,outputs/Other_Task3DenseVisualization_1.79/figures/manifest.json,,config/Other_Task3DenseVisualization_1.79.yaml,outputs/Other_Task3DenseVisualization_1.79/figures/boeing747_task3_closeup.png,historical spatial visualization; verify metadata before reuse
2026-09-06,outputs/Other_Task3DenseVisualization_1.8,10,20,20,0,outputs/Other_Task3DenseVisualization_1.8/figures/manifest.json,,config/Other_Task3DenseVisualization_1.8.yaml,outputs/Other_Task3DenseVisualization_1.8/figures/boeing747_task3_diagnostic.png,historical spatial visualization; verify metadata before reuse
2026-09-06,outputs/Other_Task3DenseVisualization_1.80,9,18,18,9,outputs/Other_Task3DenseVisualization_1.80/figures/manifest.json,,config/Other_Task3DenseVisualization_1.80.yaml,outputs/Other_Task3DenseVisualization_1.80/figures/boeing747_task3_closeup.png,historical spatial visualization; verify metadata before reuse
2026-09-06,outputs/Other_Task3DenseVisualization_1.81,9,9,18,9,outputs/Other_Task3DenseVisualization_1.81/figures/manifest.json,,config/Other_Task3DenseVisualization_1.81.yaml,outputs/Other_Task3DenseVisualization_1.81/figures/boeing747_task3_closeup.png,historical spatial visualization; verify metadata before reuse
2026-09-06,outputs/Other_Task3DenseVisualization_1.82,9,18,18,9,outputs/Other_Task3DenseVisualization_1.82/figures/manifest.json,,config/Other_Task3DenseVisualization_1.82.yaml,outputs/Other_Task3DenseVisualization_1.82/figures/boeing747_task3_closeup.png,historical spatial visualization; verify metadata before reuse
2026-09-06,outputs/Other_Task3DenseVisualization_1.83,9,9,18,9,outputs/Other_Task3DenseVisualization_1.83/figures/manifest.json,,config/Other_Task3DenseVisualization_1.83.yaml,outputs/Other_Task3DenseVisualization_1.83/figures/boeing747_task3_closeup.png,historical spatial visualization; verify metadata before reuse
2026-09-06,outputs/Other_Task3DenseVisualization_1.84,9,9,18,9,outputs/Other_Task3DenseVisualization_1.84/cache/boeing747/manifest.json; outputs/Other_Task3DenseVisualization_1.84/cache/channel/manifest.json; outputs/Other_Task3DenseVisualization_1.84/cache/cylinder3d/manifest.json; outputs/Other_Task3DenseVisualization_1.84/cache/deltaWing_LBM/manifest.json; outputs/Other_Task3DenseVisualization_1.84/cache/deltaWing_resampled/manifest.json; outputs/Other_Task3DenseVisualization_1.84/cache/halfcylinderRe640/manifest.json; outputs/Other_Task3DenseVisualization_1.84/cache/halfcylinderRe6400/manifest.json; outputs/Other_Task3DenseVisualization_1.84/cache/smokeBuoyancy/manifest.json; outputs/Other_Task3DenseVisualization_1.84/cache/tangaroa/manifest.json; outputs/Other_Task3DenseVisualization_1.84/figures/manifest.json,,config/Other_Task3DenseVisualization_1.84.yaml,outputs/Other_Task3DenseVisualization_1.84/figures/boeing747_task3_closeup.png,historical spatial visualization; verify metadata before reuse
2026-09-06,outputs/Other_Task3DenseVisualization_1.85,9,9,18,9,outputs/Other_Task3DenseVisualization_1.85/figures/manifest.json,,config/Other_Task3DenseVisualization_1.85.yaml,outputs/Other_Task3DenseVisualization_1.85/figures/boeing747_task3_closeup.png,historical spatial visualization; verify metadata before reuse
2026-09-06,outputs/Other_Task3DenseVisualization_1.86,9,9,18,9,outputs/Other_Task3DenseVisualization_1.86/figures/manifest.json,,config/Other_Task3DenseVisualization_1.86.yaml,outputs/Other_Task3DenseVisualization_1.86/figures/boeing747_task3_closeup.png,historical spatial visualization; verify metadata before reuse
2026-09-06,outputs/Other_Task3DenseVisualization_1.87,9,9,18,9,outputs/Other_Task3DenseVisualization_1.87/figures/manifest.json,,config/Other_Task3DenseVisualization_1.87.yaml,outputs/Other_Task3DenseVisualization_1.87/figures/boeing747_task3_closeup.png,historical spatial visualization; verify metadata before reuse
2026-09-06,outputs/Other_Task3DenseVisualization_1.88,9,9,18,9,outputs/Other_Task3DenseVisualization_1.88/figures/manifest.json,,config/Other_Task3DenseVisualization_1.88.yaml,outputs/Other_Task3DenseVisualization_1.88/figures/boeing747_task3_closeup.png,historical spatial visualization; verify metadata before reuse
2026-09-06,outputs/Other_Task3DenseVisualization_1.89,1,1,2,1,outputs/Other_Task3DenseVisualization_1.89/cache/cylinder3d/manifest.json; outputs/Other_Task3DenseVisualization_1.89/figures/manifest.json,,config/Other_Task3DenseVisualization_1.89.yaml,outputs/Other_Task3DenseVisualization_1.89/figures/cylinder3d_task3_closeup.png,historical spatial visualization; verify metadata before reuse
2026-09-06,outputs/Other_Task3DenseVisualization_1.9,10,20,20,0,outputs/Other_Task3DenseVisualization_1.9/figures/manifest.json,,config/Other_Task3DenseVisualization_1.9.yaml,outputs/Other_Task3DenseVisualization_1.9/figures/boeing747_task3_diagnostic.png,historical spatial visualization; verify metadata before reuse
2026-09-06,outputs/Other_Task3DenseVisualization_1.90,9,9,18,9,outputs/Other_Task3DenseVisualization_1.90/figures/manifest.json,,config/Other_Task3DenseVisualization_1.90.yaml,outputs/Other_Task3DenseVisualization_1.90/figures/boeing747_task3_closeup.png,historical spatial visualization; verify metadata before reuse
2026-09-06,outputs/Other_Task3DenseVisualization_1.91,9,9,18,9,outputs/Other_Task3DenseVisualization_1.91/cache/boeing747/manifest.json; outputs/Other_Task3DenseVisualization_1.91/cache/channel/manifest.json; outputs/Other_Task3DenseVisualization_1.91/cache/cylinder3d/manifest.json; outputs/Other_Task3DenseVisualization_1.91/cache/deltaWing_LBM/manifest.json; outputs/Other_Task3DenseVisualization_1.91/cache/deltaWing_resampled/manifest.json; outputs/Other_Task3DenseVisualization_1.91/cache/halfcylinderRe640/manifest.json; outputs/Other_Task3DenseVisualization_1.91/cache/halfcylinderRe6400/manifest.json; outputs/Other_Task3DenseVisualization_1.91/cache/smokeBuoyancy/manifest.json; outputs/Other_Task3DenseVisualization_1.91/cache/tangaroa/manifest.json; outputs/Other_Task3DenseVisualization_1.91/figures/manifest.json,,config/Other_Task3DenseVisualization_1.91.yaml,outputs/Other_Task3DenseVisualization_1.91/figures/boeing747_task3_closeup.png,historical spatial visualization; verify metadata before reuse
2026-09-06,outputs/Other_Task3DenseVisualization_1.92,9,14,18,9,outputs/Other_Task3DenseVisualization_1.92/figures/manifest.json,,config/Other_Task3DenseVisualization_1.92.yaml,outputs/Other_Task3DenseVisualization_1.92/figures/boeing747_task3_closeup.png,historical spatial visualization; verify metadata before reuse
2026-09-06,outputs/Other_Task3DenseVisualization_1.93,9,9,18,9,outputs/Other_Task3DenseVisualization_1.93/figures/manifest.json,,config/Other_Task3DenseVisualization_1.93.yaml,outputs/Other_Task3DenseVisualization_1.93/figures/boeing747_task3_closeup.png,historical spatial visualization; verify metadata before reuse
2026-09-06,outputs/Other_Task3DenseVisualization_1.94,9,9,18,9,outputs/Other_Task3DenseVisualization_1.94/figures/manifest.json,,config/Other_Task3DenseVisualization_1.94.yaml,outputs/Other_Task3DenseVisualization_1.94/figures/boeing747_task3_closeup.png,historical spatial visualization; verify metadata before reuse
2026-09-06,outputs/Other_Task3DenseVisualization_1.95,9,9,18,9,outputs/Other_Task3DenseVisualization_1.95/figures/manifest.json,,config/Other_Task3DenseVisualization_1.95.yaml,outputs/Other_Task3DenseVisualization_1.95/figures/boeing747_task3_closeup.png,historical spatial visualization; verify metadata before reuse
2026-09-06,outputs/Other_Task3DenseVisualization_1.96,9,9,18,9,outputs/Other_Task3DenseVisualization_1.96/figures/manifest.json,,config/Other_Task3DenseVisualization_1.96.yaml,outputs/Other_Task3DenseVisualization_1.96/figures/boeing747_task3_closeup.png,historical spatial visualization; verify metadata before reuse
2026-09-06,outputs/Other_Task3DenseVisualization_1.97,9,9,18,9,outputs/Other_Task3DenseVisualization_1.97/figures/manifest.json,,config/Other_Task3DenseVisualization_1.97.yaml,outputs/Other_Task3DenseVisualization_1.97/figures/boeing747_task3_closeup.png,historical spatial visualization; verify metadata before reuse
2026-09-06,outputs/Other_Task3DenseVisualization_1.98,9,9,18,9,outputs/Other_Task3DenseVisualization_1.98/cache/boeing747/manifest.json; outputs/Other_Task3DenseVisualization_1.98/cache/channel/manifest.json; outputs/Other_Task3DenseVisualization_1.98/cache/cylinder3d/manifest.json; outputs/Other_Task3DenseVisualization_1.98/cache/deltaWing_LBM/manifest.json; outputs/Other_Task3DenseVisualization_1.98/cache/deltaWing_resampled/manifest.json; outputs/Other_Task3DenseVisualization_1.98/cache/halfcylinderRe640/manifest.json; outputs/Other_Task3DenseVisualization_1.98/cache/halfcylinderRe6400/manifest.json; outputs/Other_Task3DenseVisualization_1.98/cache/smokeBuoyancy/manifest.json; outputs/Other_Task3DenseVisualization_1.98/cache/tangaroa/manifest.json; outputs/Other_Task3DenseVisualization_1.98/figures/manifest.json,,config/Other_Task3DenseVisualization_1.98.yaml,outputs/Other_Task3DenseVisualization_1.98/figures/boeing747_task3_closeup.png,historical spatial visualization; verify metadata before reuse
2026-09-06,outputs/Other_Task3DenseVisualization_1.99,9,9,18,9,outputs/Other_Task3DenseVisualization_1.99/figures/manifest.json,,config/Other_Task3DenseVisualization_1.99.yaml,outputs/Other_Task3DenseVisualization_1.99/figures/boeing747_task3_closeup.png,historical spatial visualization; verify metadata before reuse
2026-09-06,outputs/Other_Task3DenseVisualization_2.0,9,9,18,9,outputs/Other_Task3DenseVisualization_2.0/figures/manifest.json,,config/Other_Task3DenseVisualization_2.0.yaml,outputs/Other_Task3DenseVisualization_2.0/figures/boeing747_task3_closeup.png,historical spatial visualization; verify metadata before reuse
2026-09-06,outputs/Other_Task3DenseVisualization_2.1,1,1,2,1,outputs/Other_Task3DenseVisualization_2.1/cache/cylinder3d/manifest.json; outputs/Other_Task3DenseVisualization_2.1/figures/manifest.json,,config/Other_Task3DenseVisualization_2.1.yaml,outputs/Other_Task3DenseVisualization_2.1/figures/cylinder3d_task3_closeup.png,historical spatial visualization; verify metadata before reuse
2026-09-06,outputs/Other_Task3DenseVisualization_2.2,9,9,18,9,outputs/Other_Task3DenseVisualization_2.2/figures/manifest.json,,config/Other_Task3DenseVisualization_2.2.yaml,outputs/Other_Task3DenseVisualization_2.2/figures/boeing747_task3_closeup.png,historical spatial visualization; verify metadata before reuse
2026-09-06,outputs/Other_Task3DenseVisualization_2.3,9,9,18,9,outputs/Other_Task3DenseVisualization_2.3/figures/manifest.json,,config/Other_Task3DenseVisualization_2.3.yaml,outputs/Other_Task3DenseVisualization_2.3/figures/boeing747_task3_closeup.png,historical spatial visualization; verify metadata before reuse
2026-09-06,outputs/Other_Task3DenseVisualization_2.4,9,9,18,9,outputs/Other_Task3DenseVisualization_2.4/cache/boeing747/manifest.json; outputs/Other_Task3DenseVisualization_2.4/cache/channel/manifest.json; outputs/Other_Task3DenseVisualization_2.4/cache/cylinder3d/manifest.json; outputs/Other_Task3DenseVisualization_2.4/cache/deltaWing_LBM/manifest.json; outputs/Other_Task3DenseVisualization_2.4/cache/deltaWing_resampled/manifest.json; outputs/Other_Task3DenseVisualization_2.4/cache/halfcylinderRe640/manifest.json; outputs/Other_Task3DenseVisualization_2.4/cache/halfcylinderRe6400/manifest.json; outputs/Other_Task3DenseVisualization_2.4/cache/smokeBuoyancy/manifest.json; outputs/Other_Task3DenseVisualization_2.4/cache/tangaroa/manifest.json; outputs/Other_Task3DenseVisualization_2.4/figures/manifest.json,,config/Other_Task3DenseVisualization_2.4.yaml,outputs/Other_Task3DenseVisualization_2.4/figures/boeing747_task3_closeup.png,historical spatial visualization; verify metadata before reuse
2026-09-06,outputs/Other_Task3DenseVisualization_2.5,3,3,6,3,outputs/Other_Task3DenseVisualization_2.5/figures/manifest.json,,,outputs/Other_Task3DenseVisualization_2.5/figures/boeing747_task3_closeup.png,historical spatial visualization; verify metadata before reuse
2026-09-06,outputs/Other_Task3DenseVisualization_2.6,3,3,6,3,outputs/Other_Task3DenseVisualization_2.6/figures/manifest.json,,,outputs/Other_Task3DenseVisualization_2.6/figures/boeing747_task3_closeup.png,historical spatial visualization; verify metadata before reuse
2026-09-06,outputs/Other_Task3DenseVisualization_2.7,9,16,18,9,outputs/Other_Task3DenseVisualization_2.7/figures/manifest.json,,config/Other_Task3DenseVisualization_2.7.yaml,outputs/Other_Task3DenseVisualization_2.7/figures/boeing747_task3_closeup.png,historical spatial visualization; verify metadata before reuse
2026-09-06,outputs/Other_Task3DenseVisualization_2.8,9,9,18,9,outputs/Other_Task3DenseVisualization_2.8/figures/manifest.json,,config/Other_Task3DenseVisualization_2.8.yaml,outputs/Other_Task3DenseVisualization_2.8/figures/boeing747_task3_closeup.png,historical spatial visualization; verify metadata before reuse
2026-09-06,outputs/Other_Task3DenseVisualization_2.9,9,9,18,9,outputs/Other_Task3DenseVisualization_2.9/figures/manifest.json,,config/Other_Task3DenseVisualization_2.9.yaml,outputs/Other_Task3DenseVisualization_2.9/figures/boeing747_task3_closeup.png,historical spatial visualization; verify metadata before reuse
2026-09-06,outputs/Other_Task3DenseVisualization_3.0,9,18,18,9,outputs/Other_Task3DenseVisualization_3.0/figures/manifest.json,,config/Other_Task3DenseVisualization_3.0.yaml,outputs/Other_Task3DenseVisualization_3.0/figures/boeing747_task3_closeup.png,historical spatial visualization; verify metadata before reuse
2026-09-06,outputs/Other_Task3DenseVisualization_3.1,9,9,18,9,outputs/Other_Task3DenseVisualization_3.1/figures/manifest.json,,config/Other_Task3DenseVisualization_3.1.yaml,outputs/Other_Task3DenseVisualization_3.1/figures/boeing747_task3_closeup.png,historical spatial visualization; verify metadata before reuse
2026-09-06,outputs/Other_Task3DenseVisualization_3.2,1,1,2,1,outputs/Other_Task3DenseVisualization_3.2/cache/halfcylinderRe6400/manifest.json; outputs/Other_Task3DenseVisualization_3.2/figures/manifest.json,,config/Other_Task3DenseVisualization_3.2.yaml,outputs/Other_Task3DenseVisualization_3.2/figures/halfcylinderRe6400_task3_closeup.png,historical spatial visualization; verify metadata before reuse
2026-09-06,outputs/Other_Task3DenseVisualization_3.3,1,1,2,1,outputs/Other_Task3DenseVisualization_3.3/figures/manifest.json,,config/Other_Task3DenseVisualization_3.3.yaml,outputs/Other_Task3DenseVisualization_3.3/figures/halfcylinderRe6400_task3_closeup.png,historical spatial visualization; verify metadata before reuse
2026-09-06,outputs/Other_Task3DenseVisualization_3.4,1,1,2,1,outputs/Other_Task3DenseVisualization_3.4/figures/manifest.json,,config/Other_Task3DenseVisualization_3.4.yaml,outputs/Other_Task3DenseVisualization_3.4/figures/halfcylinderRe6400_task3_closeup.png,historical spatial visualization; verify metadata before reuse
2026-09-06,outputs/Other_Task3DenseVisualization_3.5,9,9,18,9,outputs/Other_Task3DenseVisualization_3.5/figures/manifest.json,,config/Other_Task3DenseVisualization_3.5.yaml,outputs/Other_Task3DenseVisualization_3.5/figures/boeing747_task3_closeup.png,historical spatial visualization; verify metadata before reuse
2026-09-06,outputs/Other_Task3DenseVisualization_3.6,9,9,18,9,outputs/Other_Task3DenseVisualization_3.6/figures/manifest.json,,config/Other_Task3DenseVisualization_3.6.yaml,outputs/Other_Task3DenseVisualization_3.6/figures/boeing747_task3_closeup.png,historical spatial visualization; verify metadata before reuse
2026-09-06,outputs/Other_Task3DenseVisualization_3.7,3,3,6,3,outputs/Other_Task3DenseVisualization_3.7/figures/manifest.json,,config/Other_Task3DenseVisualization_3.7.yaml,outputs/Other_Task3DenseVisualization_3.7/figures/boeing747_task3_closeup.png,historical spatial visualization; verify metadata before reuse
2026-09-06,outputs/Other_Task3DenseVisualization_3.8,9,9,18,9,outputs/Other_Task3DenseVisualization_3.8/figures/manifest.json,,config/Other_Task3DenseVisualization_3.8.yaml,outputs/Other_Task3DenseVisualization_3.8/figures/boeing747_task3_closeup.png,historical spatial visualization; verify metadata before reuse
2026-09-06,outputs/Other_Task3DenseVisualization_4.0,1,1,2,1,outputs/Other_Task3DenseVisualization_4.0/cache/boeing747/manifest.json; outputs/Other_Task3DenseVisualization_4.0/cache/channel/manifest.json; outputs/Other_Task3DenseVisualization_4.0/cache/cylinder3d/manifest.json; outputs/Other_Task3DenseVisualization_4.0/cache/deltaWing_LBM/manifest.json; outputs/Other_Task3DenseVisualization_4.0/cache/deltaWing_resampled/manifest.json; outputs/Other_Task3DenseVisualization_4.0/cache/halfcylinderRe640/manifest.json; outputs/Other_Task3DenseVisualization_4.0/cache/halfcylinderRe6400/manifest.json; outputs/Other_Task3DenseVisualization_4.0/cache/smokeBuoyancy/manifest.json; outputs/Other_Task3DenseVisualization_4.0/cache/tangaroa/manifest.json; outputs/Other_Task3DenseVisualization_4.0/figures/manifest.json,,config/Other_Task3DenseVisualization_4.0.yaml,outputs/Other_Task3DenseVisualization_4.0/figures/cylinder3d_task3_closeup.png,historical spatial visualization; verify metadata before reuse
2026-09-06,outputs/Other_Task3DenseVisualization_4.1,9,18,18,9,outputs/Other_Task3DenseVisualization_4.1/figures/manifest.json,,config/Other_Task3DenseVisualization_4.1.yaml,outputs/Other_Task3DenseVisualization_4.1/figures/boeing747_task3_closeup.png,historical spatial visualization; verify metadata before reuse
2026-09-06,outputs/Other_Task3DenseVisualization_4.2,9,9,18,9,outputs/Other_Task3DenseVisualization_4.2/figures/manifest.json,,config/Other_Task3DenseVisualization_4.2.yaml,outputs/Other_Task3DenseVisualization_4.2/figures/boeing747_task3_closeup.png,historical spatial visualization; verify metadata before reuse
2026-09-06,outputs/Other_Task3DenseVisualization_4.3,9,9,18,9,outputs/Other_Task3DenseVisualization_4.3/cache/boeing747/manifest.json; outputs/Other_Task3DenseVisualization_4.3/cache/channel/manifest.json; outputs/Other_Task3DenseVisualization_4.3/cache/cylinder3d/manifest.json; outputs/Other_Task3DenseVisualization_4.3/cache/deltaWing_LBM/manifest.json; outputs/Other_Task3DenseVisualization_4.3/cache/deltaWing_resampled/manifest.json; outputs/Other_Task3DenseVisualization_4.3/cache/halfcylinderRe640/manifest.json; outputs/Other_Task3DenseVisualization_4.3/cache/halfcylinderRe6400/manifest.json; outputs/Other_Task3DenseVisualization_4.3/cache/smokeBuoyancy/manifest.json; outputs/Other_Task3DenseVisualization_4.3/cache/tangaroa/manifest.json; outputs/Other_Task3DenseVisualization_4.3/figures/manifest.json,,config/Other_Task3DenseVisualization_4.3.yaml,outputs/Other_Task3DenseVisualization_4.3/figures/boeing747_task3_closeup.png,historical spatial visualization; verify metadata before reuse
2026-09-06,outputs/Other_Task3DenseVisualization_4.4,9,9,18,9,outputs/Other_Task3DenseVisualization_4.4/cache/boeing747/manifest.json; outputs/Other_Task3DenseVisualization_4.4/cache/channel/manifest.json; outputs/Other_Task3DenseVisualization_4.4/cache/cylinder3d/manifest.json; outputs/Other_Task3DenseVisualization_4.4/cache/deltaWing_LBM/manifest.json; outputs/Other_Task3DenseVisualization_4.4/cache/deltaWing_resampled/manifest.json; outputs/Other_Task3DenseVisualization_4.4/cache/halfcylinderRe640/manifest.json; outputs/Other_Task3DenseVisualization_4.4/cache/halfcylinderRe6400/manifest.json; outputs/Other_Task3DenseVisualization_4.4/cache/smokeBuoyancy/manifest.json; outputs/Other_Task3DenseVisualization_4.4/cache/tangaroa/manifest.json; outputs/Other_Task3DenseVisualization_4.4/figures/manifest.json,,config/Other_Task3DenseVisualization_4.4.yaml,outputs/Other_Task3DenseVisualization_4.4/figures/boeing747_task3_closeup.png,historical spatial visualization; verify metadata before reuse
2026-09-06,outputs/Other_Task3DenseVisualization_4.5,2,2,4,2,outputs/Other_Task3DenseVisualization_4.5/figures/manifest.json,config/Other_Task3DenseVisualization_4.5.yaml,,outputs/Other_Task3DenseVisualization_4.5/figures/cylinder3d_task3_closeup.png,historical spatial visualization; verify metadata before reuse
2026-09-06,outputs/Task1_3D_horizontal_clean_1.0,4,0,0,0,outputs/Task1_3D_horizontal_clean_1.0/figure_metadata.json,,,outputs/Task1_3D_horizontal_clean_1.0/boeing747_task1_horizontal_clean.png,historical spatial visualization; verify metadata before reuse
2026-09-06,outputs/Task1_3D_horizontal_clean_1.1,4,0,0,0,outputs/Task1_3D_horizontal_clean_1.1/figure_metadata.json,,,outputs/Task1_3D_horizontal_clean_1.1/boeing747_task1_horizontal_clean.png,historical spatial visualization; verify metadata before reuse
2026-09-06,outputs/Task1_3D_horizontal_halfcylinder_1.1,2,0,0,0,outputs/Task1_3D_horizontal_halfcylinder_1.1/figure_metadata.json,,,outputs/Task1_3D_horizontal_halfcylinder_1.1/cylinder3d_task1_horizontal_clean.png,historical spatial visualization; verify metadata before reuse
2026-09-06,outputs/Task1_3D_paper_candidates_1.1,5,0,0,0,outputs/Task1_3D_paper_candidates_1.1/figure_metadata.json,,,outputs/Task1_3D_paper_candidates_1.1/boeing747_task1_ivd_clusters.png,historical spatial visualization; verify metadata before reuse
2026-09-06,outputs/Task1_3D_paper_candidates_1.2,12,0,0,0,outputs/Task1_3D_paper_candidates_1.2/figure_metadata.json,,,outputs/Task1_3D_paper_candidates_1.2/boeing747_01_ivd_pathlines.png,historical spatial visualization; verify metadata before reuse
2026-09-06,outputs/Task1_3D_paper_candidates_1.3,12,0,0,0,outputs/Task1_3D_paper_candidates_1.3/figure_metadata.json,,,outputs/Task1_3D_paper_candidates_1.3/boeing747_01_ivd_pathlines.png,historical spatial visualization; verify metadata before reuse
2026-09-06,outputs/Task1_3D_paper_candidates_1.4,12,0,0,0,outputs/Task1_3D_paper_candidates_1.4/figure_metadata.json,,,outputs/Task1_3D_paper_candidates_1.4/boeing747_01_ivd_pathlines.png,historical spatial visualization; verify metadata before reuse
2026-09-06,outputs/Task1_3D_paper_candidates_1.5,12,0,0,0,outputs/Task1_3D_paper_candidates_1.5/figure_metadata.json,,,outputs/Task1_3D_paper_candidates_1.5/boeing747_01_ivd_pathlines.png,historical spatial visualization; verify metadata before reuse
2026-09-06,outputs/Task1_3D_paper_candidates_1.6,12,0,0,0,outputs/Task1_3D_paper_candidates_1.6/figure_metadata.json,,,outputs/Task1_3D_paper_candidates_1.6/boeing747_01_ivd_pathlines.png,historical spatial visualization; verify metadata before reuse
2026-09-06,outputs/Task1_3D_paper_candidates_1.7,12,0,0,0,outputs/Task1_3D_paper_candidates_1.7/figure_metadata.json,,,outputs/Task1_3D_paper_candidates_1.7/boeing747_01_ivd_pathlines.png,historical spatial visualization; verify metadata before reuse
2026-09-06,outputs/Task1_3D_paper_candidates_1.8,12,0,0,0,outputs/Task1_3D_paper_candidates_1.8/figure_metadata.json,,,outputs/Task1_3D_paper_candidates_1.8/boeing747_01_ivd_pathlines.png,historical spatial visualization; verify metadata before reuse
2026-09-06,outputs/Task1_3D_paper_candidates_1.9,12,0,0,0,outputs/Task1_3D_paper_candidates_1.9/figure_metadata.json,,,outputs/Task1_3D_paper_candidates_1.9/boeing747_01_ivd_pathlines.png,historical spatial visualization; verify metadata before reuse
2026-09-06,outputs/Task2_3D_horizontal_halfcylinder_1.0,2,0,0,0,outputs/Task2_3D_horizontal_halfcylinder_1.0/figure_metadata.json,,,outputs/Task2_3D_horizontal_halfcylinder_1.0/cylinder3d_task2_horizontal_clean.png,historical spatial visualization; verify metadata before reuse
2026-09-06,outputs/Task2_3D_horizontal_main_3.3,14,0,0,0,outputs/Task2_3D_horizontal_main_3.3/figure_metadata.json; outputs/Task2_3D_horizontal_main_3.3/figure_metadata_closeup.json,,,outputs/Task2_3D_horizontal_main_3.3/boeing747_task2_closeup_clean.png,historical spatial visualization; verify metadata before reuse
2026-09-06,outputs/Task3_3D_horizontal_halfcylinder_1.0,2,0,0,0,outputs/Task3_3D_horizontal_halfcylinder_1.0/figure_metadata.json,,,outputs/Task3_3D_horizontal_halfcylinder_1.0/cylinder3d_task3_horizontal_clean.png,historical spatial visualization; verify metadata before reuse
2026-09-06,outputs/Task3_3D_horizontal_main_3.2,14,0,0,0,outputs/Task3_3D_horizontal_main_3.2/figure_metadata.json; outputs/Task3_3D_horizontal_main_3.2/figure_metadata_closeup.json,,,outputs/Task3_3D_horizontal_main_3.2/boeing747_task3_closeup_clean.png,historical spatial visualization; verify metadata before reuse
2026-09-06,outputs/Task3_F22Anchored_visualization_1.2,1,0,0,0,,,,outputs/Task3_F22Anchored_visualization_1.2/f22_task3_anchored_ordinal04_index0106_seed50.png,historical spatial visualization; verify metadata before reuse
2026-09-06,outputs/Task3_multiflow_diagnostic_1.2,10,20,20,0,outputs/Task3_multiflow_diagnostic_1.2/manifest.json,,,outputs/Task3_multiflow_diagnostic_1.2/boeing747_task3_diagnostic.png,historical spatial visualization; verify metadata before reuse
2026-09-06,outputs/Task5_3D_horizontal_main_1.1,8,0,0,0,outputs/Task5_3D_horizontal_main_1.1/figure_metadata.json,,,outputs/Task5_3D_horizontal_main_1.1/channel_task5_horizontal_clean.png,historical spatial visualization; verify metadata before reuse
2026-09-06,outputs/Other_Task123_PaperTriptychs_1.1,12,12,12,6,outputs/Other_Task123_PaperTriptychs_1.1/delivery_manifest.json,config/Other_Task123_PaperTriptychs_1.1.json,,outputs/Other_Task123_PaperTriptychs_1.1/paper/tangaroa_task3_triptych.png,current uniform recipe replay; fixed snapshot examples; prediction data retained on Ibex
2026-09-06,outputs/Other_Task123_PaperTriptychs_1.2,39,36,36,18,outputs/Other_Task123_PaperTriptychs_1.2/delivery_manifest.json,config/Other_Task123_PaperTriptychs_1.2.json,,outputs/Other_Task123_PaperTriptychs_1.2/paper/boeing747_task1_triptych.png,"current uniform recipe; six flows; Task1 mode a, Task2/3 mode b; fixed snapshots; 3 overview PNG"
